millis,GPS_Epoch_Time(s),outx(mm),outy(mm),outz(mm)
106314,1758488491.00,0.00,0.00,0.00,I
106565,1758488491.40,-288.66,659.54,-260.06,I
106965,1758488491.80,-331.30,859.82,-373.36,I
107366,1758488492.20,-327.20,884.77,-431.27,I
107764,1758488492.60,-300.41,635.88,-426.81,I
108161,1758488493.00,-285.91,483.56,-344.97,I
108562,1758488493.40,-433.02,99.15,-209.39,I
108965,1758488493.80,-538.81,-150.74,74.92,I
109365,1758488494.20,-274.12,-485.84,307.16,I
109766,1758488494.60,-173.23,-517.94,391.39,I
110166,1758488495.00,570.28,-801.79,570.07,I
110566,1758488495.40,701.84,-817.57,567.05,I
110966,1758488495.80,978.04,-338.14,396.16,I
111367,1758488496.20,724.96,-80.83,108.93,I
111767,1758488496.60,325.31,-72.21,-130.74,I
112163,1758488497.00,59.20,-82.59,-210.86,I
112564,1758488497.40,-185.46,-320.59,-188.76,I
112966,1758488497.80,-574.61,-786.58,-196.60,I
113362,1758488498.20,-675.57,-1093.75,-152.92,I
113766,1758488498.60,233.37,-903.54,69.90,I
114167,1758488499.00,593.89,-1058.90,429.79,I
114563,1758488499.40,1419.57,-1519.52,422.22,I
114965,1758488499.80,1914.21,-2724.89,241.10,I
115364,1758488500.20,2403.63,-3391.47,301.41,I
115764,1758488500.60,2829.38,-3673.71,273.86,I
116166,1758488501.00,1837.75,-2431.36,232.32,I
116567,1758488501.40,1354.03,-1160.19,-38.01,
116968,1758488501.80,586.54,292.02,-273.40,
117366,1758488502.20,-165.75,1693.84,-311.04,
117767,1758488502.60,-1179.86,2776.56,-242.54,
118166,1758488503.00,-1742.38,3412.04,-214.30,
118567,1758488503.40,-1836.90,3836.62,-213.30,
118966,1758488503.80,-2175.75,4194.37,-80.16,
119367,1758488504.20,-2199.28,4022.40,88.30,
119767,1758488504.60,-2042.55,3407.67,150.03,
120170,1758488505.00,-1741.84,2710.52,196.13,
120565,1758488505.40,-1466.33,2253.79,155.16,
120967,1758488505.80,-1214.76,1897.63,-47.05,
121368,1758488506.20,-1031.44,1675.66,-212.51,
121768,1758488506.60,-920.29,1266.35,-183.84,
122166,1758488507.00,-837.46,780.09,-54.40,
122567,1758488507.40,-625.71,420.23,63.80,
122968,1758488507.80,-420.24,102.77,116.79,
123392,1758488508.20,-359.95,-257.09,120.64,
123769,1758488508.60,-416.48,-692.88,162.57,
124169,1758488509.00,-397.42,-1032.65,177.60,
124571,1758488509.40,-332.39,-1138.25,162.41,
124969,1758488509.80,-230.98,-1153.88,142.70,
125369,1758488510.20,-25.84,-1224.71,175.84,
125772,1758488510.60,228.24,-1388.95,254.81,
126171,1758488511.00,409.95,-1456.94,288.01,
126570,1758488511.40,590.42,-1314.21,101.91,
126971,1758488511.80,735.27,-887.85,-247.41,
127371,1758488512.20,787.05,-587.99,-477.78,
127768,1758488512.60,883.89,-593.74,-550.09,
128165,1758488513.00,1302.54,-1255.82,-637.31,
128566,1758488513.40,1148.40,-697.54,-639.91,
128969,1758488513.80,1068.54,-984.08,-476.31,
129371,1758488514.20,911.85,-985.35,-265.28,
129772,1758488514.60,558.94,-1070.23,-173.99,
130170,1758488515.00,237.74,-988.28,-148.16,
130571,1758488515.40,115.58,-805.94,-163.45,
130972,1758488515.80,170.65,-511.78,-216.46,
131374,1758488516.20,123.38,-347.84,-49.75,
131781,1758488516.60,162.00,-357.28,175.40,
132172,1758488517.00,192.50,-405.69,432.67,
132572,1758488517.40,352.29,-417.47,705.26,
132974,1758488517.80,535.92,-498.92,845.80,
133373,1758488518.20,506.09,-500.45,847.74,
133771,1758488518.60,426.51,-437.82,735.50,
134172,1758488519.00,475.14,-258.94,487.40,
134571,1758488519.40,412.10,-186.60,203.66,
134973,1758488519.80,351.29,-3.15,-17.26,
135372,1758488520.20,460.03,101.37,-96.55,
135773,1758488520.60,595.27,172.73,-117.74,
136173,1758488521.00,626.34,316.13,-226.80,
136572,1758488521.40,465.76,480.15,-436.85,
136973,1758488521.80,78.06,459.32,-604.05,
137373,1758488522.20,-316.84,340.36,-603.87,
137774,1758488522.60,-465.89,227.19,-469.57,
138173,1758488523.00,-475.00,120.07,-265.65,
138572,1758488523.40,-416.86,54.06,-78.64,
138972,1758488523.80,-305.62,21.63,62.38,
139373,1758488524.20,-229.88,33.98,118.80,
139775,1758488524.60,-168.87,15.99,188.27,
140175,1758488525.00,-14.54,7.29,312.94,
140573,1758488525.40,165.65,-158.02,450.21,
140975,1758488525.80,362.37,-412.81,559.18,
141376,1758488526.20,597.88,-584.82,569.04,
141776,1758488526.60,873.67,-569.58,412.57,
142175,1758488527.00,961.79,-255.98,120.00,
142576,1758488527.40,683.22,60.31,-191.78,
142975,1758488527.80,176.02,290.06,-360.29,
143403,1758488528.20,-458.81,478.51,-501.98,
143776,1758488528.60,-999.93,646.44,-567.61,
144175,1758488529.00,-1392.60,925.09,-724.71,
144575,1758488529.40,-1595.46,1120.21,-882.92,
144975,1758488529.80,-1624.59,1161.49,-982.01,
145371,1758488530.20,-1572.38,1125.28,-944.36,
145779,1758488530.60,-1423.50,648.17,-968.92,
146172,1758488531.00,-1076.66,-190.28,-1041.31,
146572,1758488531.40,-895.87,50.77,-1086.31,
146971,1758488531.80,-455.62,889.53,-850.13,
147371,1758488532.20,-226.01,967.80,-332.10,
147775,1758488532.60,88.64,483.23,87.21,
148175,1758488533.00,373.75,-14.21,550.07,
148575,1758488533.40,765.56,-397.15,732.89,
148975,1758488533.80,960.28,-811.10,712.49,
149375,1758488534.20,976.43,-960.37,669.13,
149776,1758488534.60,1304.46,-612.32,516.44,
150175,1758488535.00,1082.03,-168.69,601.39,
150576,1758488535.40,832.48,227.19,653.72,
150975,1758488535.80,580.40,492.98,568.10,
151376,1758488536.20,178.80,616.01,385.51,
151776,1758488536.60,-258.62,802.48,293.92,
152176,1758488537.00,-608.92,1034.71,243.85,
152576,1758488537.40,-790.05,1164.92,253.76,
152976,1758488537.80,-861.05,1274.92,298.78,
153376,1758488538.20,-901.83,1314.35,278.56,
153799,1758488538.60,-870.67,1278.16,131.04,
154174,1758488539.00,-629.27,933.33,35.44,
154571,1758488539.40,-284.21,839.92,-72.85,
154971,1758488539.80,61.24,1213.90,-152.25,
155372,1758488540.20,80.68,649.60,-165.46,
155772,1758488540.60,66.19,167.39,-81.26,
156171,1758488541.00,176.74,-140.38,-15.31,
156572,1758488541.40,202.77,-385.24,124.06,
156977,1758488541.80,114.72,-656.69,345.12,
157377,1758488542.20,-351.67,-893.29,458.55,
157779,1758488542.60,-351.36,-1459.89,664.07,
158177,1758488543.00,-219.31,-2046.05,993.54,
158577,1758488543.40,-303.00,-2385.44,1187.90,
158977,1758488543.80,50.33,-2962.64,1199.21,
159378,1758488544.20,412.48,-2806.30,1018.78,
159778,1758488544.60,819.18,-2407.88,697.48,
160177,1758488545.00,811.37,-1772.01,300.07,
160577,1758488545.40,515.88,-856.35,-12.16,
160978,1758488545.80,25.65,-179.25,-81.75,
161378,1758488546.20,-336.91,143.57,-49.31,
161781,1758488546.60,-558.54,258.75,-44.11,
162180,1758488547.00,-707.20,139.71,-152.24,
162580,1758488547.40,-717.19,262.69,-367.80,
162979,1758488547.80,-660.21,544.91,-534.23,
163405,1758488548.20,-549.67,817.00,-730.53,
163779,1758488548.60,-427.94,909.03,-830.56,
164175,1758488549.00,-223.05,755.35,-876.22,
164578,1758488549.40,-92.01,603.66,-979.01,
164973,1758488549.80,-52.97,522.20,-1048.21,
165381,1758488550.20,-149.00,564.31,-1092.96,
165774,1758488550.60,-183.74,670.86,-1097.77,
166174,1758488551.00,-213.65,792.90,-1069.76,
166573,1758488551.40,-284.09,841.48,-1015.33,
166974,1758488551.80,694.71,-621.47,-672.08,
167378,1758488552.20,1277.15,-1088.57,217.46,
167782,1758488552.60,1862.11,-2509.81,902.35,
168180,1758488553.00,2647.85,-3212.02,1202.92,
168578,1758488553.40,3421.50,-4159.02,728.05,
168979,1758488553.80,4408.16,-5671.03,720.95,
169380,1758488554.20,4396.20,-4891.27,946.92,
169779,1758488554.60,4171.37,-4014.48,852.33,
170179,1758488555.00,3302.19,-2741.91,560.46,
170581,1758488555.40,2446.64,-1025.41,-5.84,
170981,1758488555.80,809.57,800.02,-295.91,
171381,1758488556.20,-585.33,2657.50,-450.96,
171781,1758488556.60,-1148.25,3261.28,-457.25,
172183,1758488557.00,-1913.67,4279.78,-353.34,
172581,1758488557.40,-2109.59,5125.31,-119.02,
172981,1758488557.80,-2419.99,5395.91,131.09,
173381,1758488558.20,-2615.56,5077.50,284.70,
173782,1758488558.60,-2590.43,5028.48,309.01,
174182,1758488559.00,-2522.55,4992.04,174.15,
174582,1758488559.40,-2601.07,4793.96,5.38,
174981,1758488559.80,-2609.72,4677.84,-126.31,
175381,1758488560.20,-2589.11,4441.30,-228.02,
175782,1758488560.60,-2617.91,4023.90,-167.42,
176182,1758488561.00,-2545.30,3479.70,62.46,
176582,1758488561.40,-2343.62,2740.93,327.49,
176980,1758488561.80,-2023.97,1987.88,465.36,
177381,1758488562.20,-1734.81,1284.17,429.73,
177783,1758488562.60,-1458.14,599.32,334.59,
178181,1758488563.00,-1225.12,-58.40,283.43,
178582,1758488563.40,-1014.52,-600.74,219.87,
178981,1758488563.80,-809.07,-1055.10,129.40,
179382,1758488564.20,-564.66,-1380.31,18.06,
179783,1758488564.60,-383.82,-1562.56,-140.88,
180183,1758488565.00,-362.79,-1640.84,-303.29,
180584,1758488565.40,-301.93,-1667.20,-418.27,
180985,1758488565.80,-148.42,-1633.44,-456.57,
181383,1758488566.20,-13.98,-1617.32,-409.66,
181787,1758488566.60,-33.55,-1696.87,-328.88,
182183,1758488567.00,-53.78,-1933.34,-247.26,
182583,1758488567.40,-42.80,-2255.92,-214.63,
182983,1758488567.80,-36.49,-2603.69,-271.74,
183410,1758488568.20,57.98,-2733.64,-336.69,
183784,1758488568.60,221.94,-2829.64,-360.48,
184184,1758488569.00,453.88,-2910.01,-355.62,
184586,1758488569.40,644.49,-2971.65,-235.29,
184984,1758488569.80,843.41,-2948.80,-157.69,
185383,1758488570.20,938.04,-2952.14,-122.88,
185784,1758488570.60,1128.81,-3006.29,-10.25,
186184,1758488571.00,1391.73,-2946.50,211.62,
186584,1758488571.40,1736.04,-2941.48,367.82,
186984,1758488571.80,1863.01,-2761.51,338.91,
187384,1758488572.20,1841.27,-2572.04,278.82,
187786,1758488572.60,1683.38,-2260.33,199.09,
188187,1758488573.00,1387.23,-2049.86,204.23,
188585,1758488573.40,1060.75,-1724.67,153.71,
188985,1758488573.80,943.43,-1393.21,153.24,
189385,1758488574.20,1162.24,-1060.74,243.62,
189785,1758488574.60,1522.89,-812.31,399.22,
190185,1758488575.00,1941.96,-669.10,481.68,
190585,1758488575.40,2244.30,-578.08,400.25,
190986,1758488575.80,2397.77,-413.50,211.71,
191386,1758488576.20,2349.04,-174.60,41.87,
191790,1758488576.60,2074.76,71.21,-175.68,
192189,1758488577.00,1576.44,366.81,-492.87,
192586,1758488577.40,982.19,729.93,-597.56,
192987,1758488577.80,443.10,1189.79,-678.12,
193387,1758488578.20,-26.47,1849.32,-834.99,
193785,1758488578.60,-218.33,2208.52,-930.62,
194182,1758488579.00,-183.84,2431.67,-975.53,
194584,1758488579.40,31.00,2671.71,-935.37,
194984,1758488579.80,309.22,2784.16,-818.35,
195384,1758488580.20,38.74,1718.10,-510.37,
195787,1758488580.60,-104.64,980.72,92.61,
196185,1758488581.00,-204.41,290.20,528.05,
196586,1758488581.40,66.72,-215.77,680.01,
196987,1758488581.80,97.00,-347.78,642.67,
197385,1758488582.20,-234.46,-341.45,563.52,
197785,1758488582.60,-211.27,-190.23,200.72,
198185,1758488583.00,-466.72,321.44,-199.71,
198586,1758488583.40,-605.99,815.63,-347.10,
198987,1758488583.80,-846.47,1267.75,-453.20,
199387,1758488584.20,-1040.95,1808.45,-367.66,
199788,1758488584.60,-1223.93,2224.31,-207.34,
200188,1758488585.00,-1407.84,2659.85,-170.50,
200587,1758488585.40,-1556.73,2867.87,-52.51,
200987,1758488585.80,-1566.28,2704.58,91.68,
201387,1758488586.20,-1568.37,2358.45,313.78,
201788,1758488586.60,-1440.98,1918.69,570.15,
202188,1758488587.00,-1165.03,1475.41,792.55,
202589,1758488587.40,-804.69,1283.81,892.65,
202988,1758488587.80,-444.03,1066.15,871.75,
203413,1758488588.20,-196.50,1009.84,700.37,
203809,1758488588.60,-75.08,1016.91,418.14,
204188,1758488589.00,-209.18,842.05,202.52,
204588,1758488589.40,-408.35,507.99,125.88,
204989,1758488589.80,-578.95,83.22,186.23,
205389,1758488590.20,-737.40,-306.91,321.77,
205789,1758488590.60,-790.52,-694.35,335.49,
206189,1758488591.00,-726.49,-888.84,300.75,
206589,1758488591.40,-690.26,-924.78,291.71,
206990,1758488591.80,-675.98,-766.90,121.55,
207391,1758488592.20,-648.07,-472.51,-61.01,
207788,1758488592.60,-502.36,-403.63,-96.85,
208189,1758488593.00,-249.11,-466.94,84.04,
208590,1758488593.40,-66.31,-553.42,268.44,
208989,1758488593.80,102.10,-623.29,335.96,
209389,1758488594.20,316.31,-661.85,276.46,
209790,1758488594.60,456.19,-690.06,249.87,
210190,1758488595.00,609.09,-675.74,167.50,
210592,1758488595.40,707.80,-594.84,-94.10,
210991,1758488595.80,714.61,-460.88,-255.33,
211390,1758488596.20,601.16,-336.90,-443.29,
211794,1758488596.60,347.39,-239.44,-613.39,
212190,1758488597.00,62.07,-198.32,-746.97,
212591,1758488597.40,-212.12,-300.63,-775.11,
212992,1758488597.80,-288.88,-402.12,-641.12,
213387,1758488598.20,-205.18,-582.70,-484.55,
213789,1758488598.60,-54.94,-558.64,-393.82,
214189,1758488599.00,-112.57,-732.34,-258.04,
214592,1758488599.40,-92.30,-1077.05,-9.97,
214992,1758488599.80,5.48,-1400.96,330.10,
215393,1758488600.20,285.04,-1568.96,378.85,
215791,1758488600.60,567.44,-1456.93,254.13,
216191,1758488601.00,632.79,-1153.66,-17.25,
216591,1758488601.40,613.08,-734.76,-268.18,
216992,1758488601.80,418.44,-247.75,-349.60,
217391,1758488602.20,147.86,169.75,-330.38,
217792,1758488602.60,-26.12,521.79,-376.94,
218192,1758488603.00,-103.73,682.00,-280.75,
218592,1758488603.40,-178.20,651.16,-237.01,
218991,1758488603.80,-233.11,615.37,-174.17,
219389,1758488604.20,-225.22,558.65,-100.58,
219790,1758488604.60,-90.81,470.47,-26.84,
220191,1758488605.00,-9.53,242.16,41.13,
220592,1758488605.40,-63.63,21.31,32.47,
220992,1758488605.80,-209.82,9.53,-7.00,
221393,1758488606.20,-395.98,164.78,-75.60,
221792,1758488606.60,-351.36,253.00,11.95,
222195,1758488607.00,-243.56,203.05,190.76,
222593,1758488607.40,-26.15,-39.10,428.98,
222994,1758488607.80,213.96,-248.77,731.62,
223420,1758488608.20,467.01,-477.63,879.26,
223793,1758488608.60,648.58,-716.32,750.83,
224193,1758488609.00,722.59,-841.50,595.71,
224594,1758488609.40,662.26,-673.33,341.14,
224994,1758488609.80,479.37,-355.51,48.31,
225404,1758488610.20,307.75,10.12,-211.08,
225795,1758488610.60,57.17,457.46,-310.15,
226196,1758488611.00,-69.22,778.08,-283.57,
226592,1758488611.40,-47.72,757.90,-242.25,
226993,1758488611.80,0.78,647.11,-49.39,
227394,1758488612.20,69.88,513.44,95.62,
227795,1758488612.60,123.52,314.42,139.15,
228193,1758488613.00,72.25,248.21,97.46,
228593,1758488613.40,44.15,190.35,45.33,
228992,1758488613.80,65.50,188.42,-13.29,
229394,1758488614.20,65.14,198.91,12.56,
229795,1758488614.60,199.15,268.90,-2.60,
230196,1758488615.00,407.35,220.28,50.60,
230595,1758488615.40,548.46,257.75,48.35,
230994,1758488615.80,555.96,263.84,28.36,
231394,1758488616.20,440.06,294.26,-27.87,
231795,1758488616.60,272.48,276.92,-102.16,
232198,1758488617.00,51.27,106.77,-119.57,
232599,1758488617.40,-86.99,-216.52,77.13,
232996,1758488617.80,-125.47,-374.95,229.39,
233395,1758488618.20,-128.69,-381.32,245.90,
233796,1758488618.60,-149.15,-315.20,84.88,
234196,1758488619.00,-243.71,-158.01,-240.31,
234597,1758488619.40,-425.89,184.35,-498.77,
234993,1758488619.80,-370.16,535.39,-669.89,
235393,1758488620.20,-458.67,440.09,-970.22,
235791,1758488620.60,-736.39,-27.86,-1207.37,
236192,1758488621.00,-1251.05,-43.95,-1413.00,
236595,1758488621.40,-604.36,1030.08,-1426.95,
236993,1758488621.80,-377.06,380.15,-1056.81,
237398,1758488622.20,194.25,-681.96,-435.74,
237794,1758488622.60,358.87,-1293.46,249.21,
238196,1758488623.00,772.52,-1693.44,363.13,
238597,1758488623.40,872.91,-1846.87,86.23,
238995,1758488623.80,1114.64,-1138.08,106.10,
239395,1758488624.20,824.87,-608.20,-12.62,
239798,1758488624.60,478.37,-347.27,69.55,
240199,1758488625.00,396.75,-92.34,176.29,
240597,1758488625.40,-94.37,-110.91,278.15,
240997,1758488625.80,-508.52,-2.19,278.18,
241397,1758488626.20,-882.03,370.97,244.66,
241798,1758488626.60,-1168.38,833.58,272.41,
242199,1758488627.00,-1286.08,1076.53,269.91,
242594,1758488627.40,-1081.99,1135.95,222.46,
242993,1758488627.80,-485.90,1145.52,173.83,
243420,1758488628.20,-590.06,1047.22,229.77,
243797,1758488628.60,-280.28,318.75,700.68,
244199,1758488629.00,-85.20,-273.64,1310.36,
244601,1758488629.40,14.01,-908.50,1560.91,
244998,1758488629.80,247.04,-1448.37,1532.13,
245399,1758488630.20,96.08,-1336.46,1082.08,
245800,1758488630.60,-192.52,-737.19,570.24,
246199,1758488631.00,-311.54,-202.77,276.13,
246598,1758488631.40,-458.60,417.14,223.93,
246999,1758488631.80,-593.89,910.66,192.06,
247399,1758488632.20,-761.44,1109.83,323.29,
247798,1758488632.60,-646.21,1001.16,541.66,
248201,1758488633.00,-396.68,729.69,675.06,
248599,1758488633.40,-241.41,381.54,630.87,
248999,1758488633.80,-73.25,127.05,512.86,
249399,1758488634.20,26.12,-14.12,306.73,
249799,1758488634.60,53.29,135.14,-49.55,
250199,1758488635.00,37.40,449.55,-190.11,
250603,1758488635.40,169.86,574.45,-283.46,
251000,1758488635.80,266.59,561.74,-239.50,
251402,1758488636.20,241.38,388.89,-211.46,
251805,1758488636.60,149.23,188.02,-149.41,
252202,1758488637.00,81.36,2.45,-111.53,
252602,1758488637.40,95.30,-117.93,-120.79,
253001,1758488637.80,144.27,-135.23,-199.92,
253402,1758488638.20,159.57,-166.89,-286.05,
253821,1758488638.60,177.94,-291.52,-337.41,
254205,1758488639.00,228.76,-275.11,-411.41,
254600,1758488639.40,319.59,-260.07,-408.71,
255000,1758488639.80,531.52,-230.12,-381.76,
255401,1758488640.20,744.36,-286.04,-431.21,
255802,1758488640.60,861.38,-377.14,-431.43,
256201,1758488641.00,973.97,-428.84,-291.63,
256601,1758488641.40,988.18,-332.02,-257.63,
257003,1758488641.80,1058.60,-266.08,-273.20,
257404,1758488642.20,973.59,-339.44,-325.24,
257805,1758488642.60,673.15,-244.56,-554.33,
258203,1758488643.00,311.63,149.80,-947.54,
258599,1758488643.40,90.51,429.02,-1216.12,
258997,1758488643.80,1.58,461.04,-1398.81,
259398,1758488644.20,65.95,228.25,-1512.12,
259801,1758488644.60,-371.25,560.73,-1514.20,
260197,1758488645.00,-76.76,-93.99,-1259.39,
260605,1758488645.40,296.83,-669.35,-710.79,
261002,1758488645.80,679.83,-1085.82,-95.07,
261403,1758488646.20,939.61,-1364.56,230.38,
261803,1758488646.60,1063.20,-1162.19,415.40,
262205,1758488647.00,1042.84,-725.82,277.21,
262605,1758488647.40,632.28,-142.06,130.26,
263003,1758488647.80,128.97,333.44,107.30,
263429,1758488648.20,-301.88,727.85,250.54,
263803,1758488648.60,-650.25,866.61,401.52,
264203,1758488649.00,-787.80,747.18,443.53,
264603,1758488649.40,-843.77,802.09,459.47,
265001,1758488649.80,-710.68,549.47,378.70,
265398,1758488650.20,-595.15,384.61,295.05,
265800,1758488650.60,-525.89,340.41,259.81,
266203,1758488651.00,-403.50,148.51,266.64,
266605,1758488651.40,-498.94,-43.65,314.91,
267002,1758488651.80,-523.38,-165.80,415.68,
267401,1758488652.20,-398.60,-179.90,556.87,
267805,1758488652.60,-308.25,-254.31,660.70,
268203,1758488653.00,-231.87,-458.30,853.10,
268607,1758488653.40,-92.07,-530.69,1008.54,
269005,1758488653.80,95.71,-182.48,983.11,
269405,1758488654.20,272.23,18.69,798.36,
269807,1758488654.60,450.75,63.72,737.04,
270207,1758488655.00,428.89,-48.72,670.27,
270606,1758488655.40,291.69,-153.60,557.48,
271007,1758488655.80,201.12,-119.48,443.16,
271404,1758488656.20,73.50,-137.06,339.06,
271807,1758488656.60,116.12,-180.29,329.55,
272208,1758488657.00,5.40,-193.73,279.23,
272609,1758488657.40,-256.47,-181.77,93.83,
273008,1758488657.80,-542.62,-51.95,-201.72,
273403,1758488658.20,-628.86,5.33,-433.64,
273806,1758488658.60,-840.83,5.10,-545.82,
274202,1758488659.00,-950.52,-9.01,-658.28,
274603,1758488659.40,-761.86,-249.22,-682.06,
275003,1758488659.80,-428.02,-170.13,-627.18,
275402,1758488660.20,-272.81,-149.13,-447.08,
275806,1758488660.60,100.94,-752.17,-158.24,
276207,1758488661.00,383.71,-869.33,280.62,
276608,1758488661.40,587.06,-1054.19,266.11,
277009,1758488661.80,736.85,-875.73,76.44,
277408,1758488662.20,717.98,-359.10,-129.25,
277808,1758488662.60,517.65,238.06,-294.21,
278206,1758488663.00,129.71,919.27,-403.05,
278607,1758488663.40,-142.45,1273.55,-591.93,
279007,1758488663.80,-239.90,1208.27,-690.08,
279409,1758488664.20,-468.40,1202.29,-599.87,
279807,1758488664.60,-553.44,1159.30,-474.99,
280208,1758488665.00,-505.71,988.56,-249.19,
280607,1758488665.40,-458.15,683.63,88.00,
281008,1758488665.80,-350.29,440.98,349.12,
281410,1758488666.20,-256.58,138.32,382.39,
281806,1758488666.60,-236.55,56.40,321.11,
282211,1758488667.00,-154.07,186.10,166.99,
282609,1758488667.40,22.62,234.85,125.52,
283009,1758488667.80,210.41,251.16,145.58,
283436,1758488668.20,220.61,272.82,132.10,
283810,1758488668.60,87.97,265.62,-26.17,
284211,1758488669.00,-34.93,317.12,-259.66,
284610,1758488669.40,-208.07,330.88,-398.06,
285009,1758488669.80,-417.45,281.28,-488.91,
285416,1758488670.20,-514.08,246.56,-618.56,
285809,1758488670.60,-517.41,158.72,-736.36,
286206,1758488671.00,-581.73,78.85,-747.24,
286606,1758488671.40,-647.03,155.07,-735.34,
287005,1758488671.80,-619.50,354.40,-711.42,
287405,1758488672.20,-851.24,268.55,-666.48,
287806,1758488672.60,-707.22,21.36,-510.65,
288211,1758488673.00,-370.00,-201.94,-172.63,
288611,1758488673.40,115.87,-533.61,156.48,
289011,1758488673.80,742.09,-565.74,493.86,
289410,1758488674.20,963.76,-883.72,740.03,
289810,1758488674.60,1038.48,-1044.20,750.62,
290210,1758488675.00,1022.95,-876.20,771.41,
290611,1758488675.40,964.50,-611.65,688.19,
291011,1758488675.80,902.06,-323.65,453.64,
291410,1758488676.20,775.78,-187.85,271.06,
291810,1758488676.60,645.54,-192.82,201.62,
292214,1758488677.00,544.36,-161.97,168.73,
292610,1758488677.40,391.90,-168.97,162.07,
293010,1758488677.80,79.40,-57.58,-46.13,
293410,1758488678.20,-127.07,31.18,-204.10,
293813,1758488678.60,-244.03,-96.74,-255.59,
294205,1758488679.00,-256.05,-117.63,-322.06,
294607,1758488679.40,-320.07,-18.12,-341.45,
295007,1758488679.80,-287.27,-136.03,-260.44,
295406,1758488680.20,-283.47,-361.24,-27.80,
295808,1758488680.60,-241.81,-353.51,155.42,
296210,1758488681.00,57.57,-570.60,361.15,
296610,1758488681.40,344.53,-848.13,527.44,
297013,1758488681.80,690.98,-1066.88,616.80,
297414,1758488682.20,924.90,-1183.06,664.10,
297813,1758488682.60,1092.70,-1444.16,594.42,
298213,1758488683.00,1217.50,-1334.65,386.89,
298611,1758488683.40,877.96,-1027.27,100.31,
299012,1758488683.80,430.10,-483.69,-76.66,
299412,1758488684.20,162.30,288.06,-51.14,
299812,1758488684.60,-153.42,913.69,-59.50,
300214,1758488685.00,-531.30,1441.11,-146.64,
300614,1758488685.40,-692.24,1547.20,-210.06,
301010,1758488685.80,-781.41,1541.89,-302.02,
301408,1758488686.20,-1114.06,1759.08,-376.99,
301814,1758488686.60,-1162.51,1999.43,-515.77,
302210,1758488687.00,-813.37,1640.13,-630.57,
302613,1758488687.40,-653.02,623.82,-416.25,
303019,1758488687.80,-84.41,74.43,91.15,
303443,1758488688.20,298.35,-452.00,306.22,
303832,1758488688.60,629.95,-1130.67,455.34,
304213,1758488689.00,532.82,-1172.02,484.38,
304616,1758488689.40,381.87,-1211.90,267.51,
305015,1758488689.80,144.79,-704.67,-140.55,
305413,1758488690.20,-80.64,35.00,-225.69,
305813,1758488690.60,-185.54,697.91,-279.46,
306213,1758488691.00,-282.54,1185.18,-227.87,
306615,1758488691.40,-249.24,1156.83,-53.23,
307013,1758488691.80,-157.43,1175.15,110.17,
307416,1758488692.20,-20.43,1081.33,214.49,
307813,1758488692.60,89.14,897.93,363.71,
308214,1758488693.00,143.88,612.97,397.82,
308614,1758488693.40,138.08,415.09,408.05,
309014,1758488693.80,98.83,241.25,434.07,
309414,1758488694.20,18.23,138.02,398.28,
309814,1758488694.60,-17.93,44.89,398.85,
310214,1758488695.00,134.23,175.98,341.24,
310614,1758488695.40,555.49,269.08,37.43,
311011,1758488695.80,240.86,66.36,-37.50,
311414,1758488696.20,314.70,-354.49,310.35,
311816,1758488696.60,485.25,-1039.44,680.97,
312218,1758488697.00,698.59,-1657.74,821.43,
312617,1758488697.40,651.94,-1992.02,776.60,
313017,1758488697.80,427.12,-1874.32,355.85,
313417,1758488698.20,184.92,-1345.82,-174.97,
313818,1758488698.60,-96.94,-826.91,-559.43,
314219,1758488699.00,-495.88,-373.66,-730.24,
314619,1758488699.40,-858.23,248.59,-718.17,
315018,1758488699.80,-1136.97,745.46,-651.82,
315418,1758488700.20,-1280.53,915.87,-437.11,
315817,1758488700.60,-1341.32,802.73,-273.70,
316213,1758488701.00,-1195.85,661.93,-169.79,
316613,1758488701.40,-901.52,436.68,-101.33,
317012,1758488701.80,-720.57,310.49,16.85,
317413,1758488702.20,-618.01,480.41,49.87,
317820,1758488702.60,-549.06,291.85,-127.44,
318215,1758488703.00,-492.33,131.23,-227.37,
318614,1758488703.40,-202.61,-36.92,-236.97,
319013,1758488703.80,131.62,-372.92,-195.12,
319412,1758488704.20,190.69,-439.16,-54.56,
319818,1758488704.60,468.44,-865.34,294.46,
320219,1758488705.00,854.48,-1338.49,658.91,
320616,1758488705.40,1258.31,-2035.79,820.62,
321018,1758488705.80,1436.59,-2333.90,470.10,
321418,1758488706.20,1368.45,-2103.74,58.65,
321818,1758488706.60,1071.87,-1535.58,-316.34,
322217,1758488707.00,657.62,-589.69,-652.07,
322618,1758488707.40,339.10,228.40,-806.34,
323017,1758488707.80,57.92,729.35,-758.07,
323444,1758488708.20,-309.10,1063.14,-641.24,
323819,1758488708.60,-660.91,1303.91,-584.52,
324219,1758488709.00,-885.90,1480.50,-619.27,
324619,1758488709.40,-1018.42,1666.25,-592.56,
325020,1758488709.80,-1087.77,1886.37,-486.74,
325418,1758488710.20,-966.70,1780.12,-423.52,
325815,1758488710.60,-830.77,1593.41,-320.00,
326215,1758488711.00,-790.85,1476.11,-217.05,
326615,1758488711.40,-842.67,1711.48,-83.23,
327013,1758488711.80,-904.78,1529.48,79.96,
327416,1758488712.20,-683.65,1310.96,164.09,
327816,1758488712.60,-208.42,802.86,190.11,
328220,1758488713.00,157.27,614.25,296.67,
328621,1758488713.40,685.77,-7.17,383.07,
329021,1758488713.80,1150.69,-666.22,424.23,
329419,1758488714.20,1143.25,-1357.10,496.57,
329820,1758488714.60,1348.33,-1646.28,374.61,
330218,1758488715.00,1459.47,-1455.99,42.66,
330620,1758488715.40,1308.68,-1065.76,-199.55,
331021,1758488715.80,1009.99,-669.61,-163.26,
331419,1758488716.20,886.25,-506.86,-38.19,
331821,1758488716.60,782.54,-649.38,139.47,
332217,1758488717.00,619.92,-604.77,189.17,
332621,1758488717.40,473.24,-460.31,123.40,
333016,1758488717.80,311.22,-139.01,-30.12,
333416,1758488718.20,443.54,615.08,-192.58,
333817,1758488718.60,519.58,1055.92,-404.93,
334217,1758488719.00,152.91,921.03,-505.58,
334616,1758488719.40,-90.50,688.79,-452.98,
335014,1758488719.80,-214.87,70.39,-285.91,
335422,1758488720.20,-347.47,-566.02,167.47,
335821,1758488720.60,-377.26,-1268.01,375.11,
336221,1758488721.00,-369.27,-1775.51,329.99,
336621,1758488721.40,-72.56,-1668.83,215.93,
337021,1758488721.80,-128.05,-1152.65,118.51,
337421,1758488722.20,-388.82,-679.24,71.26,
337821,1758488722.60,-580.44,-348.24,96.50,
338218,1758488723.00,-438.45,-400.50,179.27,
338620,1758488723.40,-320.12,-363.21,392.04,
339022,1758488723.80,-329.31,-403.42,496.72,
339422,1758488724.20,-424.99,-304.84,403.73,
339823,1758488724.60,-678.66,-49.01,191.18,
340222,1758488725.00,-764.11,214.36,-150.55,
340618,1758488725.40,-742.20,609.51,-290.83,
341018,1758488725.80,-815.93,1265.82,-445.82,
341417,1758488726.20,-796.49,1754.15,-576.50,
341818,1758488726.60,-580.01,1583.05,-668.00,
342216,1758488727.00,-452.27,1083.92,-603.57,
342620,1758488727.40,-564.72,642.68,-369.83,
343021,1758488727.80,-608.17,273.21,-59.15,
343448,1758488728.20,-533.55,-690.89,314.95,
343824,1758488728.60,-45.82,-1269.57,605.68,
344222,1758488729.00,489.68,-1211.52,672.53,
344623,1758488729.40,595.95,-709.43,461.10,
345022,1758488729.80,658.99,-107.47,258.29,
345428,1758488730.20,457.41,-48.29,111.05,
345823,1758488730.60,396.84,-210.06,381.36,
346224,1758488731.00,328.65,-562.14,640.65,
346625,1758488731.40,376.99,-877.94,784.64,
347023,1758488731.80,426.15,-1155.68,772.12,
347422,1758488732.20,352.89,-1082.41,571.56,
347822,1758488732.60,152.18,-695.27,201.20,
348221,1758488733.00,-85.88,-111.61,-95.00,
348620,1758488733.40,-227.15,535.55,-250.41,
349021,1758488733.80,-135.51,988.07,-292.09,
349419,1758488734.20,-10.74,1290.83,-246.74,
349819,1758488734.60,46.89,1547.75,-227.04,
350218,1758488735.00,95.04,1760.48,-198.61,
350621,1758488735.40,43.35,1947.00,-159.09,
351018,1758488735.80,49.41,1463.28,-77.40,
351424,1758488736.20,40.88,746.93,78.43,
351825,1758488736.60,-176.68,236.92,203.56,
352225,1758488737.00,-161.94,-179.54,201.88,
352625,1758488737.40,-97.68,-313.69,127.69,
353027,1758488737.80,-177.18,-203.15,-106.11,
353421,1758488738.20,-202.82,448.16,-331.53,
353841,1758488738.60,43.53,562.31,-290.36,
354219,1758488739.00,92.59,556.05,-179.83,
354619,1758488739.40,134.31,452.40,-115.01,
355022,1758488739.80,214.74,156.70,-1.42,
355427,1758488740.20,217.92,-39.63,248.94,
355824,1758488740.60,462.72,-449.92,501.40,
356226,1758488741.00,606.83,-1088.82,672.58,
356626,1758488741.40,635.93,-1565.53,770.37,
357023,1758488741.80,981.51,-1604.25,815.87,
357425,1758488742.20,1283.48,-1370.06,681.33,
357826,1758488742.60,1390.27,-806.56,343.35,
358222,1758488743.00,1093.12,-218.51,26.51,
358623,1758488743.40,674.09,442.44,-197.23,
359022,1758488743.80,392.87,668.32,-413.04,
359420,1758488744.20,303.23,755.07,-420.96,
359821,1758488744.60,520.30,957.95,-493.98,
360220,1758488745.00,841.82,1199.18,-567.99,
360619,1758488745.40,1131.50,1398.18,-654.89,
361019,1758488745.80,1296.39,1490.89,-735.19,
361421,1758488746.20,762.04,1263.56,-788.81,
361822,1758488746.60,270.09,501.78,-775.95,
362223,1758488747.00,-269.52,-359.78,-568.68,
362624,1758488747.40,-744.96,-920.10,-273.44,
363028,1758488747.80,-1264.73,-1473.56,-9.11,
363454,1758488748.20,-1746.99,-1958.82,215.07,
363829,1758488748.60,-1959.07,-1964.55,326.98,
364228,1758488749.00,-1232.65,-1631.21,413.08,
364631,1758488749.40,-360.97,-1378.35,375.12,
365028,1758488749.80,-29.95,-1011.91,165.56,
365429,1758488750.20,-321.04,-954.69,-12.11,
365828,1758488750.60,-861.48,-800.10,-171.18,
366230,1758488751.00,-1270.37,-404.91,-254.56,
366627,1758488751.40,-1183.64,-70.95,-144.67,
367028,1758488751.80,-1155.52,240.33,-58.88,
367427,1758488752.20,-960.68,691.23,-149.64,
367828,1758488752.60,-786.81,1244.75,-280.64,
368228,1758488753.00,-738.60,1569.75,-463.98,
368625,1758488753.40,-730.23,1570.34,-610.53,
369023,1758488753.80,-737.62,1310.47,-640.48,
369422,1758488754.20,-923.38,909.77,-669.14,
369826,1758488754.60,-1246.70,536.47,-642.38,
370224,1758488755.00,-1337.24,306.61,-555.50,
370621,1758488755.40,-1297.73,80.84,-508.88,
371022,1758488755.80,-1076.60,-87.94,-395.40,
371422,1758488756.20,-879.64,138.42,-162.91,
371823,1758488756.60,-643.71,364.66,-49.45,
372223,1758488757.00,-349.66,74.22,135.40,
372631,1758488757.40,-150.89,1.85,355.76,
373028,1758488757.80,-123.07,-125.72,502.27,
373430,1758488758.20,193.26,-162.52,480.52,
373828,1758488758.60,567.47,-127.45,472.19,
374227,1758488759.00,721.71,-329.44,567.25,
374627,1758488759.40,650.28,-158.33,808.70,
375030,1758488759.80,885.19,-398.43,1160.51,
375429,1758488760.20,1147.34,-584.68,1344.27,
375831,1758488760.60,1272.72,-624.74,1230.24,
376231,1758488761.00,1314.78,-446.67,903.99,
376627,1758488761.40,1242.06,-294.35,437.21,
377029,1758488761.80,1092.57,181.30,62.61,
377428,1758488762.20,1126.46,426.90,-240.24,
377830,1758488762.60,1274.89,614.53,-227.83,
378228,1758488763.00,1343.23,668.61,-229.90,
378630,1758488763.40,1222.55,563.43,-297.86,
379030,1758488763.80,951.13,415.01,-312.36,
379431,1758488764.20,669.53,234.39,-297.63,
379828,1758488764.60,354.30,31.32,-283.58,
380229,1758488765.00,124.50,-153.45,-226.25,
380629,1758488765.40,58.90,-302.57,-125.33,
381029,1758488765.80,34.97,-402.64,-140.72,
381431,1758488766.20,-16.00,-347.31,-178.28,
381833,1758488766.60,-87.70,-265.53,-192.41,
382232,1758488767.00,-159.34,-197.03,-256.90,
382632,1758488767.40,-214.14,-140.41,-311.82,
383031,1758488767.80,-41.41,-77.37,-343.16,
383454,1758488768.20,173.31,21.73,-352.65,
383828,1758488768.60,249.66,230.70,-329.61,
384226,1758488769.00,106.62,-21.28,-226.82,
384633,1758488769.40,-42.50,-440.05,8.71,
385034,1758488769.80,-41.52,-669.45,246.55,
385434,1758488770.20,125.30,-659.00,357.61,
385832,1758488770.60,497.20,-456.41,426.75,
386238,1758488771.00,720.97,-447.39,505.84,
386637,1758488771.40,713.67,-512.67,422.52,
387033,1758488771.80,778.28,-338.63,150.24,
387433,1758488772.20,442.05,-41.01,-114.33,
387835,1758488772.60,-87.85,69.86,-315.16,
388234,1758488773.00,-488.58,209.19,-409.27,
388633,1758488773.40,-640.13,171.62,-452.78,
389028,1758488773.80,-648.82,140.30,-459.52,
389433,1758488774.20,-572.48,245.95,-426.10,
389833,1758488774.60,-413.80,294.51,-326.59,
390232,1758488775.00,-237.63,82.33,-173.86,
390633,1758488775.40,-96.60,-87.82,108.91,
391035,1758488775.80,119.61,-269.63,429.14,
391434,1758488776.20,300.02,-407.33,630.93,
391835,1758488776.60,234.63,-506.08,703.14,
392234,1758488777.00,140.11,-389.26,650.20,
392634,1758488777.40,54.22,-135.34,346.96,
393034,1758488777.80,-144.75,290.52,34.81,
393434,1758488778.20,-232.70,597.45,-178.79,
393834,1758488778.60,-381.55,686.53,-292.54,
394234,1758488779.00,-484.59,647.33,-289.49,
394635,1758488779.40,-578.59,670.59,-300.59,
395034,1758488779.80,-738.64,659.44,-307.19,
395431,1758488780.20,-795.42,736.19,-293.50,
395833,1758488780.60,-767.15,732.40,-226.77,
396234,1758488781.00,-655.05,679.09,-129.27,
396630,1758488781.40,-462.00,355.61,85.79,
397037,1758488781.80,-283.40,-12.98,428.04,
397437,1758488782.20,-28.57,-410.94,691.11,
397836,1758488782.60,8.62,-905.80,723.30,
398236,1758488783.00,98.43,-1203.08,724.15,
398637,1758488783.40,167.69,-1069.48,522.73,
399035,1758488783.80,249.19,-922.34,214.39,
399434,1758488784.20,125.78,-436.34,-20.76,
399835,1758488784.60,-129.10,-67.12,-231.63,
400237,1758488785.00,-483.81,216.96,-425.52,
400636,1758488785.40,-803.99,246.01,-349.16,
401033,1758488785.80,-921.40,69.72,-194.03,
401437,1758488786.20,-857.15,-3.88,-41.36,
401837,1758488786.60,-616.84,187.04,-93.17,
402235,1758488787.00,-360.93,421.40,-238.07,
402633,1758488787.40,-264.32,570.73,-345.23,
403034,1758488787.80,-84.19,547.88,-280.89,
403463,1758488788.20,68.30,420.65,-132.73,
403854,1758488788.60,210.75,161.78,4.62,
404236,1758488789.00,159.76,50.12,24.94,
404639,1758488789.40,213.02,107.04,-16.88,
405038,1758488789.80,303.09,199.44,-69.18,
405446,1758488790.20,329.40,252.78,31.27,
405836,1758488790.60,440.50,207.15,187.70,
406239,1758488791.00,556.03,148.90,305.92,
406637,1758488791.40,611.26,31.44,336.93,
407038,1758488791.80,601.07,-14.95,295.95,
407437,1758488792.20,598.65,-53.47,203.03,
407838,1758488792.60,601.75,29.53,51.30,
408239,1758488793.00,517.26,142.87,-141.82,
408637,1758488793.40,348.41,195.64,-252.20,
409036,1758488793.80,160.57,100.97,-294.50,
409436,1758488794.20,-99.53,-12.76,-322.94,
409837,1758488794.60,-366.38,-25.05,-407.16,
410233,1758488795.00,-510.96,29.02,-425.62,
410634,1758488795.40,-827.17,-45.51,-424.33,
411031,1758488795.80,-483.11,23.25,-368.16,
411435,1758488796.20,-269.41,-23.44,-223.04,
411843,1758488796.60,-73.13,-47.39,-141.54,
412237,1758488797.00,90.03,-35.65,-37.44,
412638,1758488797.40,223.18,-45.62,13.00,
413036,1758488797.80,329.21,-5.80,-2.93,
413438,1758488798.20,441.27,-174.51,45.42,
413840,1758488798.60,418.51,-457.56,96.04,
414245,1758488799.00,545.85,-512.06,98.20,
414639,1758488799.40,562.23,-383.26,22.97,
415039,1758488799.80,625.23,-387.62,49.07,
415437,1758488800.20,541.05,-366.76,104.03,
415839,1758488800.60,446.18,-441.77,179.99,
416239,1758488801.00,283.25,-509.21,290.66,
416643,1758488801.40,99.08,-320.83,285.26,
417039,1758488801.80,-7.32,-128.28,194.58,
417437,1758488802.20,-49.22,-35.41,105.10,
417840,1758488802.60,-205.68,-39.47,92.52,
418235,1758488803.00,-298.59,-337.29,158.74,
418641,1758488803.40,-140.74,-400.89,273.11,
419041,1758488803.80,78.20,-324.68,420.61,
419441,1758488804.20,326.13,-252.68,401.48,
419840,1758488804.60,409.18,-135.91,99.30,
420239,1758488805.00,281.62,278.26,-101.93,
420641,1758488805.40,63.32,593.05,-267.92,
421038,1758488805.80,-117.01,572.36,-313.33,
421441,1758488806.20,-202.29,465.61,-149.87,
421840,1758488806.60,-315.74,92.25,16.95,
422241,1758488807.00,-312.32,-140.30,95.30,
422640,1758488807.40,-184.56,-8.11,61.58,
423039,1758488807.80,-187.51,265.51,-118.59,
423469,1758488808.20,-249.46,399.78,-114.65,
423840,1758488808.60,-250.79,468.14,-75.62,
424242,1758488809.00,-203.19,465.48,32.81,
424642,1758488809.40,-147.52,421.39,91.77,
425040,1758488809.80,-116.78,361.38,110.57,
425440,1758488810.20,-30.60,240.20,194.89,
425841,1758488810.60,83.04,137.39,323.41,
426245,1758488811.00,124.98,198.70,217.85,
426639,1758488811.40,93.13,308.66,17.62,
427040,1758488811.80,108.95,305.55,-44.36,
427442,1758488812.20,-65.42,163.96,-88.90,
427845,1758488812.60,-297.43,27.50,-91.63,
428241,1758488813.00,-327.29,-52.06,-19.59,
428641,1758488813.40,-269.96,-19.10,-13.36,
429042,1758488813.80,-158.76,38.07,-28.79,
429443,1758488814.20,-82.47,80.23,-48.76,
429844,1758488814.60,-142.01,59.20,-142.52,
430240,1758488815.00,-202.66,5.62,-226.28,
430648,1758488815.40,-217.04,-73.04,-157.87,
431042,1758488815.80,-178.49,-171.05,-23.22,
431444,1758488816.20,-67.66,-249.30,126.87,
431843,1758488816.60,98.93,-276.74,226.99,
432244,1758488817.00,215.45,-247.34,171.06,
432643,1758488817.40,228.32,-302.31,67.77,
433047,1758488817.80,142.31,-359.05,50.09,
433446,1758488818.20,54.61,-398.57,-26.49,
433846,1758488818.60,-47.86,-275.46,-210.35,
434243,1758488819.00,-175.11,-55.44,-330.43,
434644,1758488819.40,-152.18,137.61,-468.79,
435043,1758488819.80,21.32,272.60,-366.21,
435439,1758488820.20,-235.07,176.36,-242.78,
435840,1758488820.60,-602.48,77.90,-162.07,
436239,1758488821.00,-305.83,110.07,-66.13,
436643,1758488821.40,-44.59,49.52,48.17,
437043,1758488821.80,46.