epoch,link,log type,data
0,0,BSYS,5,INFO,Firmware SHA: 7C2E60DA
0,0,BSYS,5,INFO,ssds,0
0,0,BSYS,5,INFO,ssis,0
0,0,BSYS,5,INFO,sds,900
0,0,BSYS,5,INFO,sis,1800
0,0,BSYS,6,INFO,spm,2
0,0,BSYS,6,INFO,utc,0
0,0,BSYS,6,INFO,sse,0
0,0,BSYS,6,INFO,ste,1
0,0,BSYS,6,INFO,dme,1
0,0,BSYS,6,INFO,kba,0
0,0,BSYS,7,INFO,cs,0
0,0,BSYS,7,INFO,ssdms,0
0,0,BSYS,7,INFO,sdms,900000
0,0,BSYS,7,INFO,mtms,2720000
0.00,0,BSYS,2638,INFO,new cfg link 1: 0x06DBE64C800D4FC0
0.00,1,DATA,SOFT2,520,3057
0.00,1,DATA,SOFT2,1020,3057
0.00,0,BSYS,3349,INFO,new cfg link 2: 0x1000000000000000
0.00,2,DATA,RBRD,2500,1521920
0.00,1,DATA,SOFT2,1520,3057
0.00,2,DATA,RBRD,3000,1528730
0.00,1,DATA,SOFT2,2020,3057
0.00,2,DATA,RBRD,3500,1523580
0.00,1,DATA,SOFT2,2520,3057
0.00,2,DATA,RBRD,4000,1508250
0.00,1,DATA,SOFT2,3020,3057
0.00,2,DATA,RBRD,4500,1488930
0.00,1,DATA,SOFT2,3520,3057
0.00,2,DATA,RBRD,5000,1471910
0.00,1,DATA,SOFT2,4020,3058
0.00,2,DATA,RBRD,5500,1459140
0.00,1,DATA,SOFT2,4520,3057
0.00,2,DATA,RBRD,6000,1450670
0.00,1,DATA,SOFT2,5020,3057
0.00,2,DATA,RBRD,6500,1444090
0.00,1,DATA,SOFT2,5520,3057
0.00,0,BSYS,7746,INFO,etmark 3496431104
0.00,2,DATA,RBRD,7000,1438640
0.00,1,DATA,SOFT2,6020,3057
0.00,2,DATA,RBRD,7500,1434870
0.00,1,DATA,SOFT2,6520,3058
0.00,2,DATA,RBRD,8000,1435040
0.00,1,DATA,SOFT2,7020,3058
0.00,2,DATA,RBRD,8500,1438980
0.00,1,DATA,SOFT2,7520,3058
0.00,2,DATA,RBRD,9000,1446440
0.00,1,DATA,SOFT2,8020,3057
0.00,2,DATA,RBRD,9500,1455520
0.00,1,DATA,SOFT2,8520,3058
0.00,2,DATA,RBRD,10000,1466780
0.00,1,DATA,SOFT2,9020,3057
0.00,2,DATA,RBRD,10500,1480010
0.00,1,DATA,SOFT2,9520,3057
0.00,2,DATA,RBRD,11000,1495170
0.00,1,DATA,SOFT2,10020,3057
0.00,2,DATA,RBRD,11500,1508960
0.00,1,DATA,SOFT2,10520,3057
0.00,2,DATA,RBRD,12000,1518950
0.00,1,DATA,SOFT2,11020,3058
0.00,2,DATA,RBRD,12500,1522000
0.00,1,DATA,SOFT2,11520,3057
0.00,2,DATA,RBRD,13000,1517790
0.00,1,DATA,SOFT2,12020,3057
0.00,2,DATA,RBRD,13500,1509730
0.00,1,DATA,SOFT2,12520,3057
0.00,2,DATA,RBRD,14000,1498770
0.00,1,DATA,SOFT2,13020,3057
0.00,2,DATA,RBRD,14500,1485600
0.00,1,DATA,SOFT2,13520,3058
0.00,2,DATA,RBRD,15000,1470020
0.00,1,DATA,SOFT2,14020,3057
0.00,2,DATA,RBRD,15500,1452590
0.00,1,DATA,SOFT2,14520,3057
0.00,2,DATA,RBRD,16000,1437450
0.00,1,DATA,SOFT2,15020,3057
0.00,2,DATA,RBRD,16500,1427700
0.00,1,DATA,SOFT2,15520,3057
0.00,0,BSYS,17746,INFO,etmark 3496433664
1758488408.00,0,BSYS,17756,INFO,sa et 1758488408
1758488408.00,0,BSYS,17756,INFO,next sa et 1758490208
1758488408.00,0,BSYS,17757,INFO,setup mes TO to 2737756
1758488408.00,0,BSYS,17758,INFO,sa sdt millis 917756
1758488408.11,2,DATA,RBRD,17000,1424690
1758488408.32,1,DATA,SOFT2,16020,3058
1758488408.61,2,DATA,RBRD,17500,1428350
1758488408.82,1,DATA,SOFT2,16520,3058
1758488409.11,2,DATA,RBRD,18000,1437100
1758488409.32,1,DATA,SOFT2,17020,3057
1758488409.61,2,DATA,RBRD,18500,1447810
1758488409.82,1,DATA,SOFT2,17520,3057
1758488410.11,2,DATA,RBRD,19000,1457510
1758488410.32,1,DATA,SOFT2,18020,3057
1758488410.61,2,DATA,RBRD,19500,1465360
1758488410.82,1,DATA,SOFT2,18520,3058
1758488411.11,2,DATA,RBRD,20000,1470710
1758488411.32,1,DATA,SOFT2,19020,3058
1758488411.61,2,DATA,RBRD,20500,1474520
1758488411.82,1,DATA,SOFT2,19520,3057
1758488412.11,2,DATA,RBRD,21000,1478650
1758488412.32,1,DATA,SOFT2,20020,3058
1758488412.61,2,DATA,RBRD,21500,1483970
1758488412.82,1,DATA,SOFT2,20520,3058
1758488413.11,2,DATA,RBRD,22000,1491790
1758488413.32,1,DATA,SOFT2,21020,3057
1758488413.61,2,DATA,RBRD,22500,1501190
1758488413.82,1,DATA,SOFT2,21520,3058
1758488414.11,2,DATA,RBRD,23000,1509440
1758488414.32,1,DATA,SOFT2,22020,3057
1758488414.61,2,DATA,RBRD,23500,1512640
1758488414.82,1,DATA,SOFT2,22520,3058
1758488415.11,2,DATA,RBRD,24000,1508250
1758488415.32,1,DATA,SOFT2,23020,3057
1758488415.61,2,DATA,RBRD,24500,1498300
1758488415.82,1,DATA,SOFT2,23520,3057
1758488416.11,2,DATA,RBRD,25000,1487170
1758488416.32,1,DATA,SOFT2,24020,3057
1758488416.61,2,DATA,RBRD,25500,1477010
1758488416.82,1,DATA,SOFT2,24520,3058
1758488417.11,2,DATA,RBRD,26000,1466530
1758488417.32,1,DATA,SOFT2,25020,3057
1758488417.61,2,DATA,RBRD,26500,1457050
1758488417.82,1,DATA,SOFT2,25520,3057
1758488418.00,0,BSYS,27746,INFO,etmark 3496436224
1758488418.11,2,DATA,RBRD,27000,1446860
1758488418.32,1,DATA,SOFT2,26020,3057
1758488418.61,2,DATA,RBRD,27500,1439020
1758488418.82,1,DATA,SOFT2,26520,3058
1758488419.11,2,DATA,RBRD,28000,1436550
1758488419.32,1,DATA,SOFT2,27020,3058
1758488419.61,2,DATA,RBRD,28500,1442190
1758488419.82,1,DATA,SOFT2,27520,3057
1758488420.11,2,DATA,RBRD,29000,1457580
1758488420.32,1,DATA,SOFT2,28020,3057
1758488420.61,2,DATA,RBRD,29500,1480560
1758488420.82,1,DATA,SOFT2,28520,3057
1758488421.11,2,DATA,RBRD,30000,1504480
1758488421.32,1,DATA,SOFT2,29020,3057
1758488421.61,2,DATA,RBRD,30500,1518250
1758488421.82,1,DATA,SOFT2,29520,3057
1758488422.11,2,DATA,RBRD,31000,1518770
1758488422.32,1,DATA,SOFT2,30020,3057
1758488422.61,2,DATA,RBRD,31500,1509840
1758488422.82,1,DATA,SOFT2,30520,3057
1758488423.11,2,DATA,RBRD,32000,1494920
1758488423.32,1,DATA,SOFT2,31020,3057
1758488423.61,2,DATA,RBRD,32500,1479040
1758488423.82,1,DATA,SOFT2,31520,3058
1758488424.11,2,DATA,RBRD,33000,1469690
1758488424.32,1,DATA,SOFT2,32020,3058
1758488424.61,2,DATA,RBRD,33500,1466200
1758488424.82,1,DATA,SOFT2,32520,3057
1758488425.11,2,DATA,RBRD,34000,1464250
1758488425.32,1,DATA,SOFT2,33020,3058
1758488425.61,2,DATA,RBRD,34500,1462590
1758488425.82,1,DATA,SOFT2,33520,3057
1758488426.11,2,DATA,RBRD,35000,1461080
1758488426.32,1,DATA,SOFT2,34020,3058
1758488426.61,2,DATA,RBRD,35500,1458550
1758488426.82,1,DATA,SOFT2,34520,3057
1758488427.11,2,DATA,RBRD,36000,1457020
1758488427.32,1,DATA,SOFT2,35020,3058
1758488427.61,2,DATA,RBRD,36500,1457820
1758488427.82,1,DATA,SOFT2,35520,3057
1758488428.00,0,BSYS,37745,INFO,etmark 3496438784
1758488428.11,2,DATA,RBRD,37000,1465000
1758488428.32,1,DATA,SOFT2,36020,3057
1758488428.61,2,DATA,RBRD,37500,1479640
1758488428.82,1,DATA,SOFT2,36520,3057
1758488429.11,2,DATA,RBRD,38000,1495630
1758488429.32,1,DATA,SOFT2,37020,3057
1758488429.61,2,DATA,RBRD,38500,1505740
1758488429.82,1,DATA,SOFT2,37520,3057
1758488430.11,2,DATA,RBRD,39000,1506270
1758488430.32,1,DATA,SOFT2,38020,3057
1758488430.61,2,DATA,RBRD,39500,1494640
1758488430.82,1,DATA,SOFT2,38520,3057
1758488431.11,2,DATA,RBRD,40000,1476090
1758488431.32,1,DATA,SOFT2,39020,3058
1758488431.61,2,DATA,RBRD,40500,1461230
1758488431.82,1,DATA,SOFT2,39520,3058
1758488432.11,2,DATA,RBRD,41000,1455800
1758488432.32,1,DATA,SOFT2,40020,3058
1758488432.61,2,DATA,RBRD,41500,1454490
1758488432.82,1,DATA,SOFT2,40520,3057
1758488433.11,2,DATA,RBRD,42000,1456810
1758488433.32,1,DATA,SOFT2,41020,3058
1758488433.61,2,DATA,RBRD,42500,1462010
1758488433.82,1,DATA,SOFT2,41520,3058
1758488434.11,2,DATA,RBRD,43000,1468650
1758488434.32,1,DATA,SOFT2,42020,3058
1758488434.61,2,DATA,RBRD,43500,1475260
1758488434.82,1,DATA,SOFT2,42520,3057
1758488435.11,2,DATA,RBRD,44000,1482080
1758488435.32,1,DATA,SOFT2,43020,3057
1758488435.61,2,DATA,RBRD,44500,1488290
1758488435.82,1,DATA,SOFT2,43520,3058
1758488436.11,2,DATA,RBRD,45000,1493530
1758488436.32,1,DATA,SOFT2,44020,3057
1758488436.61,2,DATA,RBRD,45500,1496190
1758488436.82,1,DATA,SOFT2,44520,3058
1758488437.11,2,DATA,RBRD,46000,1494260
1758488437.32,1,DATA,SOFT2,45020,3058
1758488437.61,2,DATA,RBRD,46500,1488090
1758488437.82,1,DATA,SOFT2,45520,3057
1758488438.00,0,BSYS,47745,INFO,etmark 3496441344
1758488438.11,2,DATA,RBRD,47000,1479790
1758488438.32,1,DATA,SOFT2,46020,3057
1758488438.61,2,DATA,RBRD,47500,1473050
1758488438.82,1,DATA,SOFT2,46520,3057
1758488439.11,2,DATA,RBRD,48000,1470550
1758488439.32,1,DATA,SOFT2,47020,3058
1758488439.61,2,DATA,RBRD,48500,1469490
1758488439.82,1,DATA,SOFT2,47520,3058
1758488440.11,2,DATA,RBRD,49000,1468620
1758488440.32,1,DATA,SOFT2,48020,3057
1758488440.61,2,DATA,RBRD,49500,1466770
1758488440.82,1,DATA,SOFT2,48520,3058
1758488441.11,2,DATA,RBRD,50000,1464170
1758488441.32,1,DATA,SOFT2,49020,3058
1758488441.61,2,DATA,RBRD,50500,1463030
1758488441.82,1,DATA,SOFT2,49520,3058
1758488442.11,2,DATA,RBRD,51000,1464350
1758488442.32,1,DATA,SOFT2,50020,3058
1758488442.62,2,DATA,RBRD,51500,1469590
1758488442.82,1,DATA,SOFT2,50520,3057
1758488443.11,2,DATA,RBRD,52000,1477780
1758488443.32,1,DATA,SOFT2,51020,3058
1758488443.62,2,DATA,RBRD,52500,1484240
1758488443.82,1,DATA,SOFT2,51520,3058
1758488444.11,2,DATA,RBRD,53000,1488750
1758488444.32,1,DATA,SOFT2,52020,3058
1758488444.62,2,DATA,RBRD,53500,1490200
1758488444.82,1,DATA,SOFT2,52520,3058
1758488445.11,2,DATA,RBRD,54000,1488910
1758488445.32,1,DATA,SOFT2,53020,3057
1758488445.62,2,DATA,RBRD,54500,1486150
1758488445.82,1,DATA,SOFT2,53520,3058
1758488446.11,2,DATA,RBRD,55000,1483020
1758488446.32,1,DATA,SOFT2,54020,3058
1758488446.62,2,DATA,RBRD,55500,1478950
1758488446.82,1,DATA,SOFT2,54520,3058
1758488447.12,2,DATA,RBRD,56000,1473640
1758488447.32,1,DATA,SOFT2,55020,3058
1758488447.62,2,DATA,RBRD,56500,1467630
1758488447.82,1,DATA,SOFT2,55520,3058
1758488448.00,0,BSYS,57744,INFO,etmark 3496443904
1758488448.12,2,DATA,RBRD,57000,1462870
1758488448.32,1,DATA,SOFT2,56020,3058
1758488448.62,2,DATA,RBRD,57500,1462320
1758488448.82,1,DATA,SOFT2,56520,3058
1758488449.12,2,DATA,RBRD,58000,1466860
1758488449.32,1,DATA,SOFT2,57020,3058
1758488449.62,2,DATA,RBRD,58500,1473450
1758488449.82,1,DATA,SOFT2,57520,3058
1758488450.12,2,DATA,RBRD,59000,1479290
1758488450.32,1,DATA,SOFT2,58020,3058
1758488450.62,2,DATA,RBRD,59500,1482380
1758488450.82,1,DATA,SOFT2,58520,3058
1758488451.12,2,DATA,RBRD,60000,1482180
1758488451.32,1,DATA,SOFT2,59020,3058
1758488451.62,2,DATA,RBRD,60500,1480730
1758488451.82,1,DATA,SOFT2,59520,3057
1758488452.12,2,DATA,RBRD,61000,1478640
1758488452.32,1,DATA,SOFT2,60020,3058
1758488452.62,2,DATA,RBRD,61500,1478870
1758488452.82,1,DATA,SOFT2,60520,3058
1758488453.12,2,DATA,RBRD,62000,1480230
1758488453.32,1,DATA,SOFT2,61020,3057
1758488453.62,2,DATA,RBRD,62500,1481770
1758488453.82,1,DATA,SOFT2,61520,3058
1758488454.12,2,DATA,RBRD,63000,1483950
1758488454.32,1,DATA,SOFT2,62020,3058
1758488454.62,2,DATA,RBRD,63500,1486690
1758488454.82,1,DATA,SOFT2,62520,3057
1758488455.12,2,DATA,RBRD,64000,1492950
1758488455.32,1,DATA,SOFT2,63020,3058
1758488455.62,2,DATA,RBRD,64500,1500280
1758488455.82,1,DATA,SOFT2,63520,3057
1758488456.12,2,DATA,RBRD,65000,1504630
1758488456.32,1,DATA,SOFT2,64020,3058
1758488456.62,2,DATA,RBRD,65500,1504020
1758488456.82,1,DATA,SOFT2,64520,3058
1758488457.12,2,DATA,RBRD,66000,1493670
1758488457.32,1,DATA,SOFT2,65020,3058
1758488457.62,2,DATA,RBRD,66500,1475770
1758488457.82,1,DATA,SOFT2,65520,3058
1758488458.00,0,BSYS,67744,INFO,etmark 3496446464
1758488458.12,2,DATA,RBRD,67000,1459490
1758488458.32,1,DATA,SOFT2,66020,3057
1758488458.62,2,DATA,RBRD,67500,1452970
1758488458.82,1,DATA,SOFT2,66520,3058
1758488459.12,2,DATA,RBRD,68000,1457480
1758488459.32,1,DATA,SOFT2,67020,3057
1758488459.62,2,DATA,RBRD,68500,1465070
1758488459.82,1,DATA,SOFT2,67520,3058
1758488460.12,2,DATA,RBRD,69000,1471640
1758488460.32,1,DATA,SOFT2,68020,3058
1758488460.62,2,DATA,RBRD,69500,1475150
1758488460.82,1,DATA,SOFT2,68520,3057
1758488461.12,2,DATA,RBRD,70000,1475670
1758488461.32,1,DATA,SOFT2,69020,3057
1758488461.62,2,DATA,RBRD,70500,1478610
1758488461.82,1,DATA,SOFT2,69520,3058
1758488462.12,2,DATA,RBRD,71000,1484760
1758488462.32,1,DATA,SOFT2,70020,3057
1758488462.62,2,DATA,RBRD,71500,1496180
1758488462.82,1,DATA,SOFT2,70520,3057
1758488463.12,2,DATA,RBRD,72000,1508190
1758488463.32,1,DATA,SOFT2,71020,3058
1758488463.62,2,DATA,RBRD,72500,1513220
1758488463.82,1,DATA,SOFT2,71520,3057
1758488464.12,2,DATA,RBRD,73000,1510270
1758488464.32,1,DATA,SOFT2,72020,3058
1758488464.62,2,DATA,RBRD,73500,1501440
1758488464.82,1,DATA,SOFT2,72520,3058
1758488465.12,2,DATA,RBRD,74000,1488010
1758488465.32,1,DATA,SOFT2,73020,3058
1758488465.62,2,DATA,RBRD,74500,1475490
1758488465.82,1,DATA,SOFT2,73520,3058
1758488466.12,2,DATA,RBRD,75000,1465630
1758488466.32,1,DATA,SOFT2,74020,3058
1758488466.62,2,DATA,RBRD,75500,1456780
1758488466.82,1,DATA,SOFT2,74520,3057
1758488467.12,2,DATA,RBRD,76000,1447910
1758488467.32,1,DATA,SOFT2,75020,3058
1758488467.62,2,DATA,RBRD,76500,1440470
1758488467.82,1,DATA,SOFT2,75520,3058
1758488468.00,0,BSYS,77744,INFO,etmark 3496449024
1758488468.12,2,DATA,RBRD,77000,1436220
1758488468.32,1,DATA,SOFT2,76020,3057
1758488468.62,2,DATA,RBRD,77500,1438080
1758488468.82,1,DATA,SOFT2,76520,3058
1758488469.12,2,DATA,RBRD,78000,1442770
1758488469.32,1,DATA,SOFT2,77020,3057
1758488469.62,2,DATA,RBRD,78500,1447740
1758488469.82,1,DATA,SOFT2,77520,3058
1758488470.12,2,DATA,RBRD,79000,1453050
1758488470.32,1,DATA,SOFT2,78020,3058
1758488470.62,2,DATA,RBRD,79500,1461130
1758488470.82,1,DATA,SOFT2,78520,3058
1758488471.12,2,DATA,RBRD,80000,1471780
1758488471.32,1,DATA,SOFT2,79020,3058
1758488471.62,2,DATA,RBRD,80500,1485590
1758488471.82,1,DATA,SOFT2,79520,3057
1758488472.12,2,DATA,RBRD,81000,1498680
1758488472.32,1,DATA,SOFT2,80020,3058
1758488472.62,2,DATA,RBRD,81500,1507870
1758488472.82,1,DATA,SOFT2,80520,3058
1758488473.12,2,DATA,RBRD,82000,1509250
1758488473.32,1,DATA,SOFT2,81020,3057
1758488473.62,2,DATA,RBRD,82500,1503870
1758488473.82,1,DATA,SOFT2,81520,3058
1758488474.12,2,DATA,RBRD,83000,1492010
1758488474.32,1,DATA,SOFT2,82020,3058
1758488474.62,2,DATA,RBRD,83500,1478170
1758488474.82,1,DATA,SOFT2,82520,3057
1758488475.12,2,DATA,RBRD,84000,1468250
1758488475.32,1,DATA,SOFT2,83020,3058
1758488475.62,2,DATA,RBRD,84500,1463360
1758488475.82,1,DATA,SOFT2,83520,3058
1758488476.12,2,DATA,RBRD,85000,1461320
1758488476.32,1,DATA,SOFT2,84020,3058
1758488476.62,2,DATA,RBRD,85500,1459790
1758488476.82,1,DATA,SOFT2,84520,3058
1758488477.12,2,DATA,RBRD,86000,1456720
1758488477.32,1,DATA,SOFT2,85020,3057
1758488477.62,2,DATA,RBRD,86500,1454040
1758488477.82,1,DATA,SOFT2,85520,3058
1758488478.00,0,BSYS,87743,INFO,etmark 3496451584
1758488478.12,2,DATA,RBRD,87000,1452270
1758488478.32,1,DATA,SOFT2,86020,3058
1758488478.62,2,DATA,RBRD,87500,1451050
1758488478.82,1,DATA,SOFT2,86520,3058
1758488479.12,2,DATA,RBRD,88000,1451240
1758488479.32,1,DATA,SOFT2,87020,3058
1758488479.62,2,DATA,RBRD,88500,1455150
1758488479.82,1,DATA,SOFT2,87520,3058
1758488480.12,2,DATA,RBRD,89000,1463770
1758488480.32,1,DATA,SOFT2,88020,3057
1758488480.62,2,DATA,RBRD,89500,1477130
1758488480.82,1,DATA,SOFT2,88520,3058
1758488481.12,2,DATA,RBRD,90000,1493300
1758488481.32,1,DATA,SOFT2,89020,3058
1758488481.62,2,DATA,RBRD,90500,1507590
1758488481.82,1,DATA,SOFT2,89520,3058
1758488482.12,2,DATA,RBRD,91000,1515550
1758488482.32,1,DATA,SOFT2,90020,3058
1758488482.62,2,DATA,RBRD,91500,1515640
1758488482.82,1,DATA,SOFT2,90520,3058
1758488483.12,2,DATA,RBRD,92000,1508340
1758488483.32,1,DATA,SOFT2,91020,3058
1758488483.62,2,DATA,RBRD,92500,1496890
1758488483.82,1,DATA,SOFT2,91520,3057
1758488484.12,2,DATA,RBRD,93000,1485080
1758488484.32,1,DATA,SOFT2,92020,3058
1758488484.62,2,DATA,RBRD,93500,1473750
1758488484.82,1,DATA,SOFT2,92520,3058
1758488485.12,2,DATA,RBRD,94000,1462550
1758488485.32,1,DATA,SOFT2,93020,3058
1758488485.62,2,DATA,RBRD,94500,1455120
1758488485.82,1,DATA,SOFT2,93520,3057
1758488486.12,2,DATA,RBRD,95000,1450780
1758488486.32,1,DATA,SOFT2,94020,3058
1758488486.63,2,DATA,RBRD,95500,1450160
1758488486.82,1,DATA,SOFT2,94520,3058
1758488487.12,2,DATA,RBRD,96000,1452740
1758488487.32,1,DATA,SOFT2,95020,3058
1758488487.63,2,DATA,RBRD,96500,1458040
1758488487.82,1,DATA,SOFT2,95520,3057
1758488488.00,0,BSYS,97743,INFO,etmark 3496454144
1758488488.12,2,DATA,RBRD,97000,1466070
1758488488.32,1,DATA,SOFT2,96020,3058
1758488488.63,2,DATA,RBRD,97500,1476150
1758488488.82,1,DATA,SOFT2,96520,3058
1758488489.13,2,DATA,RBRD,98000,1487120
1758488489.32,1,DATA,SOFT2,97020,3057
1758488489.63,2,DATA,RBRD,98500,1499820
1758488489.82,1,DATA,SOFT2,97520,3057
1758488490.12,2,DATA,RBRD,99000,1512550
1758488490.32,1,DATA,SOFT2,98020,3058
1758488490.63,2,DATA,RBRD,99500,1520210
1758488490.82,1,DATA,SOFT2,98520,3058
1758488491.13,2,DATA,RBRD,100000,1520340
1758488491.32,1,DATA,SOFT2,99020,3057
1758488491.63,2,DATA,RBRD,100500,1511910
1758488491.82,1,DATA,SOFT2,99520,3058
1758488492.13,2,DATA,RBRD,101000,1499390
1758488492.32,1,DATA,SOFT2,100020,3058
1758488492.63,2,DATA,RBRD,101500,1489340
1758488492.82,1,DATA,SOFT2,100520,3058
1758488493.13,2,DATA,RBRD,102000,1481430
1758488493.32,1,DATA,SOFT2,101020,3057
1758488493.63,2,DATA,RBRD,102500,1475140
1758488493.82,1,DATA,SOFT2,101520,3058
1758488494.13,2,DATA,RBRD,103000,1468940
1758488494.32,1,DATA,SOFT2,102020,3058
1758488494.63,2,DATA,RBRD,103500,1462880
1758488494.82,1,DATA,SOFT2,102520,3058
1758488495.13,2,DATA,RBRD,104000,1460420
1758488495.32,1,DATA,SOFT2,103020,3058
1758488495.63,2,DATA,RBRD,104500,1460810
1758488495.82,1,DATA,SOFT2,103520,3057
1758488496.13,2,DATA,RBRD,105000,1462490
1758488496.32,1,DATA,SOFT2,104020,3058
1758488496.63,2,DATA,RBRD,105500,1465390
1758488496.82,1,DATA,SOFT2,104520,3057
1758488497.13,2,DATA,RBRD,106000,1467480
1758488497.32,1,DATA,SOFT2,105020,3057
1758488497.63,2,DATA,RBRD,106500,1467820
1758488497.75,0,BSYS,107490,INFO,etmark 3496456704
1758488498.08,1,DATA,SOFT2,105520,3057
1758488498.39,2,DATA,RBRD,107000,1467570
1758488498.59,1,DATA,SOFT2,106020,3058
1758488498.90,2,DATA,RBRD,107500,1467790
1758488499.10,1,DATA,SOFT2,106520,3057
1758488499.42,2,DATA,RBRD,108000,1468750
1758488499.61,1,DATA,SOFT2,107020,3057
1758488499.93,2,DATA,RBRD,108500,1470990
1758488500.13,1,DATA,SOFT2,107520,3058
1758488500.44,2,DATA,RBRD,109000,1474040
1758488500.64,1,DATA,SOFT2,108020,3058
1758488500.96,2,DATA,RBRD,109500,1477510
1758488501.15,1,DATA,SOFT2,108520,3057
1758488501.47,2,DATA,RBRD,110000,1482770
1758488501.67,1,DATA,SOFT2,109020,3057
1758488501.98,2,DATA,RBRD,110500,1490130
1758488502.18,1,DATA,SOFT2,109520,3058
1758488502.49,2,DATA,RBRD,111000,1500510
1758488502.69,1,DATA,SOFT2,110020,3057
1758488503.01,2,DATA,RBRD,111500,1512090
1758488503.21,1,DATA,SOFT2,110520,3057
1758488503.52,2,DATA,RBRD,112000,1515750
1758488503.72,1,DATA,SOFT2,111020,3057
1758488504.03,2,DATA,RBRD,112500,1508190
1758488504.23,1,DATA,SOFT2,111520,3057
1758488504.55,2,DATA,RBRD,113000,1489630
1758488504.74,1,DATA,SOFT2,112020,3057
1758488505.06,2,DATA,RBRD,113500,1466010
1758488505.26,1,DATA,SOFT2,112520,3057
1758488505.57,2,DATA,RBRD,114000,1447430
1758488505.77,1,DATA,SOFT2,113020,3058
1758488506.09,2,DATA,RBRD,114500,1436070
1758488506.28,1,DATA,SOFT2,113520,3057
1758488506.60,2,DATA,RBRD,115000,1431120
1758488506.80,1,DATA,SOFT2,114020,3058
1758488507.11,2,DATA,RBRD,115500,1433060
1758488507.31,1,DATA,SOFT2,114520,3058
1758488507.62,2,DATA,RBRD,116000,1443060
1758488507.82,1,DATA,SOFT2,115020,3058
1758488508.14,2,DATA,RBRD,116500,1459460
1758488508.29,0,BSYS,117519,INFO,etmark 3496459264
1758488508.04,1,DATA,SOFT2,115520,3058
1758488508.35,2,DATA,RBRD,117000,1478340
1758488508.54,1,DATA,SOFT2,116020,3057
1758488508.85,2,DATA,RBRD,117500,1493880
1758488509.04,1,DATA,SOFT2,116520,3058
1758488509.35,2,DATA,RBRD,118000,1502720
1758488509.54,1,DATA,SOFT2,117020,3057
1758488509.85,2,DATA,RBRD,118500,1503310
1758488510.04,1,DATA,SOFT2,117520,3057
1758488510.35,2,DATA,RBRD,119000,1498370
1758488510.54,1,DATA,SOFT2,118020,3057
1758488510.85,2,DATA,RBRD,119500,1490800
1758488511.04,1,DATA,SOFT2,118520,3058
1758488511.34,2,DATA,RBRD,120000,1480640
1758488511.53,1,DATA,SOFT2,119020,3058
1758488511.84,2,DATA,RBRD,120500,1477480
1758488512.03,1,DATA,SOFT2,119520,3057
1758488512.34,2,DATA,RBRD,121000,1474970
1758488512.53,1,DATA,SOFT2,120020,3058
1758488512.84,2,DATA,RBRD,121500,1477260
1758488513.03,1,DATA,SOFT2,120520,3058
1758488513.34,2,DATA,RBRD,122000,1485760
1758488513.53,1,DATA,SOFT2,121020,3057
1758488513.84,2,DATA,RBRD,122500,1496410
1758488514.03,1,DATA,SOFT2,121520,3057
1758488514.34,2,DATA,RBRD,123000,1501590
1758488514.53,1,DATA,SOFT2,122020,3058
1758488514.84,2,DATA,RBRD,123500,1499840
1758488515.02,1,DATA,SOFT2,122520,3058
1758488515.33,2,DATA,RBRD,124000,1492330
1758488515.52,1,DATA,SOFT2,123020,3057
1758488515.83,2,DATA,RBRD,124500,1477370
1758488516.02,1,DATA,SOFT2,123520,3058
1758488516.33,2,DATA,RBRD,125000,1463260
1758488516.52,1,DATA,SOFT2,124020,3057
1758488516.83,2,DATA,RBRD,125500,1455910
1758488517.02,1,DATA,SOFT2,124520,3057
1758488517.33,2,DATA,RBRD,126000,1455740
1758488517.52,1,DATA,SOFT2,125020,3057
1758488517.83,2,DATA,RBRD,126500,1461020
1758488517.95,0,BSYS,127499,INFO,etmark 3496461824
1758488518.06,1,DATA,SOFT2,125520,3058
1758488518.37,2,DATA,RBRD,127000,1466230
1758488518.56,1,DATA,SOFT2,126020,3057
1758488518.88,2,DATA,RBRD,127500,1469310
1758488519.07,1,DATA,SOFT2,126520,3057
1758488519.38,2,DATA,RBRD,128000,1470410
1758488519.57,1,DATA,SOFT2,127020,3058
1758488519.88,2,DATA,RBRD,128500,1469130
1758488520.07,1,DATA,SOFT2,127520,3057
1758488520.38,2,DATA,RBRD,129000,1467010
1758488520.57,1,DATA,SOFT2,128020,3058
1758488520.88,2,DATA,RBRD,129500,1466660
1758488521.07,1,DATA,SOFT2,128520,3057
1758488521.38,2,DATA,RBRD,130000,1470930
1758488521.57,1,DATA,SOFT2,129020,3057
1758488521.88,2,DATA,RBRD,130500,1477910
1758488522.07,1,DATA,SOFT2,129520,3058
1758488522.38,2,DATA,RBRD,131000,1485450
1758488522.57,1,DATA,SOFT2,130020,3057
1758488522.88,2,DATA,RBRD,131500,1492320
1758488523.07,1,DATA,SOFT2,130520,3057
1758488523.38,2,DATA,RBRD,132000,1495780
1758488523.57,1,DATA,SOFT2,131020,3057
1758488523.89,2,DATA,RBRD,132500,1494310
1758488524.07,1,DATA,SOFT2,131520,3058
1758488524.39,2,DATA,RBRD,133000,1488620
1758488524.58,1,DATA,SOFT2,132020,3057
1758488524.89,2,DATA,RBRD,133500,1479820
1758488525.08,1,DATA,SOFT2,132520,3057
1758488525.39,2,DATA,RBRD,134000,1470280
1758488525.58,1,DATA,SOFT2,133020,3057
1758488525.89,2,DATA,RBRD,134500,1460820
1758488526.08,1,DATA,SOFT2,133520,3058
1758488526.39,2,DATA,RBRD,135000,1457370
1758488526.58,1,DATA,SOFT2,134020,3057
1758488526.89,2,DATA,RBRD,135500,1459020
1758488527.08,1,DATA,SOFT2,134520,3057
1758488527.39,2,DATA,RBRD,136000,1463810
1758488527.58,1,DATA,SOFT2,135020,3058
1758488527.89,2,DATA,RBRD,136500,1472820
1758488528.05,0,BSYS,137529,INFO,etmark 3496464384
1758488528.03,1,DATA,SOFT2,135520,3057
1758488528.34,2,DATA,RBRD,137000,1484700
1758488528.53,1,DATA,SOFT2,136020,3057
1758488528.84,2,DATA,RBRD,137500,1496030
1758488529.03,1,DATA,SOFT2,136520,3057
1758488529.34,2,DATA,RBRD,138000,1503440
1758488529.53,1,DATA,SOFT2,137020,3057
1758488529.84,2,DATA,RBRD,138500,1506310
1758488530.03,1,DATA,SOFT2,137520,3057
1758488530.34,2,DATA,RBRD,139000,1501760
1758488530.53,1,DATA,SOFT2,138020,3057
1758488530.84,2,DATA,RBRD,139500,1491800
1758488531.02,1,DATA,SOFT2,138520,3057
1758488531.34,2,DATA,RBRD,140000,1480490
1758488531.52,1,DATA,SOFT2,139020,3057
1758488531.84,2,DATA,RBRD,140500,1474040
1758488532.02,1,DATA,SOFT2,139520,3058
1758488532.33,2,DATA,RBRD,141000,1472960
1758488532.52,1,DATA,SOFT2,140020,3057
1758488532.83,2,DATA,RBRD,141500,1471370
1758488533.02,1,DATA,SOFT2,140520,3057
1758488533.33,2,DATA,RBRD,142000,1467920
1758488533.52,1,DATA,SOFT2,141020,3057
1758488533.83,2,DATA,RBRD,142500,1461610
1758488534.02,1,DATA,SOFT2,141520,3058
1758488534.33,2,DATA,RBRD,143000,1453150
1758488534.51,1,DATA,SOFT2,142020,3058
1758488534.83,2,DATA,RBRD,143500,1445900
1758488535.01,1,DATA,SOFT2,142520,3057
1758488535.33,2,DATA,RBRD,144000,1445610
1758488535.51,1,DATA,SOFT2,143020,3057
1758488535.83,2,DATA,RBRD,144500,1455760
1758488536.01,1,DATA,SOFT2,143520,3057
1758488536.32,2,DATA,RBRD,145000,1476690
1758488536.51,1,DATA,SOFT2,144020,3058
1758488536.82,2,DATA,RBRD,145500,1501410
1758488537.01,1,DATA,SOFT2,144520,3058
1758488537.32,2,DATA,RBRD,146000,1518980
1758488537.51,1,DATA,SOFT2,145020,3057
1758488537.82,2,DATA,RBRD,146500,1522980
1758488537.94,0,BSYS,147502,INFO,etmark 3496466944
1758488538.06,1,DATA,SOFT2,145520,3057
1758488538.38,2,DATA,RBRD,147000,1515420
1758488538.56,1,DATA,SOFT2,146020,3057
1758488538.88,2,DATA,RBRD,147500,1501210
1758488539.06,1,DATA,SOFT2,146520,3057
1758488539.38,2,DATA,RBRD,148000,1487520
1758488539.56,1,DATA,SOFT2,147020,3058
1758488539.88,2,DATA,RBRD,148500,1478300
1758488540.07,1,DATA,SOFT2,147520,3057
1758488540.38,2,DATA,RBRD,149000,1472980
1758488540.57,1,DATA,SOFT2,148020,3058
1758488540.88,2,DATA,RBRD,149500,1470340
1758488541.07,1,DATA,SOFT2,148520,3057
1758488541.38,2,DATA,RBRD,150000,1467440
1758488541.57,1,DATA,SOFT2,149020,3057
1758488541.89,2,DATA,RBRD,150500,1462380
1758488542.07,1,DATA,SOFT2,149520,3057
1758488542.39,2,DATA,RBRD,151000,1456470
1758488542.57,1,DATA,SOFT2,150020,3057
1758488542.89,2,DATA,RBRD,151500,1451040
1758488543.07,1,DATA,SOFT2,150520,3057
1758488543.58,1,DATA,SOFT2,151020,3057
1758488543.89,2,DATA,RBRD,152500,1446530
1758488544.08,1,DATA,SOFT2,151520,3057
1758488544.39,2,DATA,RBRD,153000,1448570
1758488544.58,1,DATA,SOFT2,152020,3057
1758488544.90,2,DATA,RBRD,153500,1455690
1758488545.08,1,DATA,SOFT2,152520,3057
1758488545.40,2,DATA,RBRD,154000,1467890
1758488545.58,1,DATA,SOFT2,153020,3057
1758488545.90,2,DATA,RBRD,154500,1483400
1758488546.08,1,DATA,SOFT2,153520,3057
1758488546.40,2,DATA,RBRD,155000,1498300
1758488546.58,1,DATA,SOFT2,154020,3057
1758488546.90,2,DATA,RBRD,155500,1508170
1758488547.08,1,DATA,SOFT2,154520,3057
1758488547.40,2,DATA,RBRD,156000,1511210
1758488547.59,1,DATA,SOFT2,155020,3058
1758488547.90,2,DATA,RBRD,156500,1506030
1758488548.06,0,BSYS,157531,INFO,etmark 3496469504
1758488548.03,1,DATA,SOFT2,155520,3057
1758488548.35,2,DATA,RBRD,157000,1494610
1758488548.53,1,DATA,SOFT2,156020,3057
1758488548.85,2,DATA,RBRD,157500,1481910
1758488549.03,1,DATA,SOFT2,156520,3057
1758488549.34,2,DATA,RBRD,158000,1473710
1758488549.53,1,DATA,SOFT2,157020,3057
1758488549.84,2,DATA,RBRD,158500,1471520
1758488550.02,1,DATA,SOFT2,157520,3058
1758488550.34,2,DATA,RBRD,159000,1471600
1758488550.52,1,DATA,SOFT2,158020,3057
1758488550.84,2,DATA,RBRD,159500,1470270
1758488551.02,1,DATA,SOFT2,158520,3057
1758488551.34,2,DATA,RBRD,160000,1466350
1758488551.52,1,DATA,SOFT2,159020,3058
1758488551.84,2,DATA,RBRD,160500,1460710
1758488552.02,1,DATA,SOFT2,159520,3057
1758488552.34,2,DATA,RBRD,161000,1450590
1758488552.52,1,DATA,SOFT2,160020,3057
1758488552.83,2,DATA,RBRD,161500,1437160
1758488553.02,1,DATA,SOFT2,160520,3058
1758488553.33,2,DATA,RBRD,162000,1425690
1758488553.51,1,DATA,SOFT2,161020,3057
1758488553.83,2,DATA,RBRD,162500,1421630
1758488554.01,1,DATA,SOFT2,161520,3057
1758488554.33,2,DATA,RBRD,163000,1425460
1758488554.51,1,DATA,SOFT2,162020,3057
1758488554.83,2,DATA,RBRD,163500,1437950
1758488555.01,1,DATA,SOFT2,162520,3057
1758488555.33,2,DATA,RBRD,164000,1458380
1758488555.51,1,DATA,SOFT2,163020,3057
1758488555.83,2,DATA,RBRD,164500,1481660
1758488556.01,1,DATA,SOFT2,163520,3057
1758488556.32,2,DATA,RBRD,165000,1501500
1758488556.51,1,DATA,SOFT2,164020,3057
1758488556.82,2,DATA,RBRD,165500,1507890
1758488557.00,1,DATA,SOFT2,164520,3057
1758488557.32,2,DATA,RBRD,166000,1501980
1758488557.50,1,DATA,SOFT2,165020,3057
1758488557.82,2,DATA,RBRD,166500,1490600
1758488557.95,0,BSYS,167506,INFO,etmark 3496472064
1758488558.06,1,DATA,SOFT2,165520,3057
1758488558.38,2,DATA,RBRD,167000,1481740
1758488558.56,1,DATA,SOFT2,166020,3057
1758488558.88,2,DATA,RBRD,167500,1479000
1758488559.06,1,DATA,SOFT2,166520,3057
1758488559.38,2,DATA,RBRD,168000,1480290
1758488559.56,1,DATA,SOFT2,167020,3057
1758488559.88,2,DATA,RBRD,168500,1483050
1758488560.06,1,DATA,SOFT2,167520,3057
1758488560.38,2,DATA,RBRD,169000,1485920
1758488560.56,1,DATA,SOFT2,168020,3057
1758488560.88,2,DATA,RBRD,169500,1486650
1758488561.06,1,DATA,SOFT2,168520,3057
1758488561.38,2,DATA,RBRD,170000,1484090
1758488561.56,1,DATA,SOFT2,169020,3057
1758488561.89,2,DATA,RBRD,170500,1478190
1758488562.07,1,DATA,SOFT2,169520,3057
1758488562.39,2,DATA,RBRD,171000,1471460
1758488562.57,1,DATA,SOFT2,170020,3057
1758488562.89,2,DATA,RBRD,171500,1465640
1758488563.07,1,DATA,SOFT2,170520,3057
1758488563.57,1,DATA,SOFT2,171020,3057
1758488563.89,2,DATA,RBRD,172500,1460420
1758488564.07,1,DATA,SOFT2,171520,3057
1758488564.39,2,DATA,RBRD,173000,1465310
1758488564.57,1,DATA,SOFT2,172020,3057
1758488564.89,2,DATA,RBRD,173500,1474880
1758488565.07,1,DATA,SOFT2,172520,3057
1758488565.39,2,DATA,RBRD,174000,1487490
1758488565.57,1,DATA,SOFT2,173020,3058
1758488565.90,2,DATA,RBRD,174500,1498810
1758488566.08,1,DATA,SOFT2,173520,3057
1758488566.40,2,DATA,RBRD,175000,1507930
1758488566.58,1,DATA,SOFT2,174020,3057
1758488566.90,2,DATA,RBRD,175500,1512600
1758488567.08,1,DATA,SOFT2,174520,3057
1758488567.40,2,DATA,RBRD,176000,1514170
1758488567.58,1,DATA,SOFT2,175020,3057
1758488567.90,2,DATA,RBRD,176500,1511290
1758488568.05,0,BSYS,177534,INFO,etmark 3496474624
1758488568.03,1,DATA,SOFT2,175520,3057
1758488568.35,2,DATA,RBRD,177000,1502740
1758488568.52,1,DATA,SOFT2,176020,3057
1758488568.85,2,DATA,RBRD,177500,1489750
1758488569.02,1,DATA,SOFT2,176520,3057
1758488569.34,2,DATA,RBRD,178000,1474160
1758488569.52,1,DATA,SOFT2,177020,3057
1758488569.84,2,DATA,RBRD,178500,1462300
1758488570.02,1,DATA,SOFT2,177520,3057
1758488570.34,2,DATA,RBRD,179000,1457880
1758488570.52,1,DATA,SOFT2,178020,3057
1758488570.84,2,DATA,RBRD,179500,1458110
1758488571.02,1,DATA,SOFT2,178520,3057
1758488571.34,2,DATA,RBRD,180000,1455940
1758488571.51,1,DATA,SOFT2,179020,3057
1758488571.84,2,DATA,RBRD,180500,1453440
1758488572.01,1,DATA,SOFT2,179520,3057
1758488572.34,2,DATA,RBRD,181000,1446380
1758488572.51,1,DATA,SOFT2,180020,3058
1758488572.83,2,DATA,RBRD,181500,1438550
1758488573.01,1,DATA,SOFT2,180520,3057
1758488573.51,1,DATA,SOFT2,181020,3057
1758488573.83,2,DATA,RBRD,182500,1435460
1758488574.01,1,DATA,SOFT2,181520,3058
1758488574.33,2,DATA,RBRD,183000,1441620
1758488574.51,1,DATA,SOFT2,182020,3057
1758488574.83,2,DATA,RBRD,183500,1450120
1758488575.00,1,DATA,SOFT2,182520,3058
1758488575.33,2,DATA,RBRD,184000,1460240
1758488575.50,1,DATA,SOFT2,183020,3057
1758488575.83,2,DATA,RBRD,184500,1471460
1758488576.00,1,DATA,SOFT2,183520,3057
1758488576.32,2,DATA,RBRD,185000,1483990
1758488576.50,1,DATA,SOFT2,184020,3057
1758488576.82,2,DATA,RBRD,185500,1498150
1758488577.00,1,DATA,SOFT2,184520,3057
1758488577.32,2,DATA,RBRD,186000,1510880
1758488577.50,1,DATA,SOFT2,185020,3058
1758488577.82,2,DATA,RBRD,186500,1517290
1758488577.95,0,BSYS,187511,INFO,etmark 3496477184
1758488578.05,1,DATA,SOFT2,185520,3057
1758488578.37,2,DATA,RBRD,187000,1514270
1758488578.55,1,DATA,SOFT2,186020,3057
1758488578.88,2,DATA,RBRD,187500,1501840
1758488579.05,1,DATA,SOFT2,186520,3057
1758488579.38,2,DATA,RBRD,188000,1485400
1758488579.55,1,DATA,SOFT2,187020,3058
1758488579.88,2,DATA,RBRD,188500,1473800
1758488580.05,1,DATA,SOFT2,187520,3057
1758488580.38,2,DATA,RBRD,189000,1471010
1758488580.55,1,DATA,SOFT2,188020,3057
1758488580.88,2,DATA,RBRD,189500,1470280
1758488581.06,1,DATA,SOFT2,188520,3057
1758488581.38,2,DATA,RBRD,190000,1469920
1758488581.56,1,DATA,SOFT2,189020,3057
1758488581.88,2,DATA,RBRD,190500,1469080
1758488582.06,1,DATA,SOFT2,189520,3057
1758488582.38,2,DATA,RBRD,191000,1466740
1758488582.56,1,DATA,SOFT2,190020,3057
1758488582.89,2,DATA,RBRD,191500,1467320
1758488583.06,1,DATA,SOFT2,190520,3057
1758488583.42,2,DATA,RBRD,192000,1470350
1758488583.56,1,DATA,SOFT2,191020,3057
1758488583.89,2,DATA,RBRD,192500,1476260
1758488584.06,1,DATA,SOFT2,191520,3057
1758488584.39,2,DATA,RBRD,193000,1485860
1758488584.56,1,DATA,SOFT2,192020,3057
1758488584.89,2,DATA,RBRD,193500,1494530
1758488585.06,1,DATA,SOFT2,192520,3057
1758488585.39,2,DATA,RBRD,194000,1500750
1758488585.57,1,DATA,SOFT2,193020,3058
1758488585.89,2,DATA,RBRD,194500,1502120
1758488586.07,1,DATA,SOFT2,193520,3057
1758488586.39,2,DATA,RBRD,195000,1491920
1758488586.57,1,DATA,SOFT2,194020,3057
1758488586.89,2,DATA,RBRD,195500,1474650
1758488587.07,1,DATA,SOFT2,194520,3057
1758488587.40,2,DATA,RBRD,196000,1458180
1758488587.57,1,DATA,SOFT2,195020,3057
1758488587.90,2,DATA,RBRD,196500,1448190
1758488588.05,0,BSYS,197537,INFO,etmark 3496479744
1758488588.02,1,DATA,SOFT2,195520,3058
1758488588.35,2,DATA,RBRD,197000,1445450
1758488588.52,1,DATA,SOFT2,196020,3057
1758488588.85,2,DATA,RBRD,197500,1447300
1758488589.02,1,DATA,SOFT2,196520,3057
1758488589.34,2,DATA,RBRD,198000,1452400
1758488589.52,1,DATA,SOFT2,197020,3058
1758488589.84,2,DATA,RBRD,198500,1459820
1758488590.02,1,DATA,SOFT2,197520,3057
1758488590.34,2,DATA,RBRD,199000,1469140
1758488590.51,1,DATA,SOFT2,198020,3057
1758488590.84,2,DATA,RBRD,199500,1479880
1758488591.01,1,DATA,SOFT2,198520,3057
1758488591.34,2,DATA,RBRD,200000,1488190
1758488591.51,1,DATA,SOFT2,199020,3057
1758488591.84,2,DATA,RBRD,200500,1492750
1758488592.01,1,DATA,SOFT2,199520,3057
1758488592.34,2,DATA,RBRD,201000,1493910
1758488592.51,1,DATA,SOFT2,200020,3057
1758488592.84,2,DATA,RBRD,201500,1490150
1758488593.01,1,DATA,SOFT2,200520,3057
1758488593.51,1,DATA,SOFT2,201020,3057
1758488593.83,2,DATA,RBRD,202500,1482380
1758488594.01,1,DATA,SOFT2,201520,3057
1758488594.33,2,DATA,RBRD,203000,1481780
1758488594.50,1,DATA,SOFT2,202020,3057
1758488594.83,2,DATA,RBRD,203500,1482120
1758488595.00,1,DATA,SOFT2,202520,3057
1758488595.33,2,DATA,RBRD,204000,1484080
1758488595.50,1,DATA,SOFT2,203020,3058
1758488595.83,2,DATA,RBRD,204500,1485230
1758488596.00,1,DATA,SOFT2,203520,3057
1758488596.33,2,DATA,RBRD,205000,1485270
1758488596.50,1,DATA,SOFT2,204020,3057
1758488596.83,2,DATA,RBRD,205500,1487350
1758488597.00,1,DATA,SOFT2,204520,3057
1758488597.32,2,DATA,RBRD,206000,1489330
1758488597.50,1,DATA,SOFT2,205020,3057
1758488597.82,2,DATA,RBRD,206500,1491230
1758488597.95,0,BSYS,207510,INFO,etmark 3496482304
1758488598.05,1,DATA,SOFT2,205520,3058
1758488598.38,2,DATA,RBRD,207000,1495310
1758488598.55,1,DATA,SOFT2,206020,3057
1758488598.88,2,DATA,RBRD,207500,1498690
1758488599.05,1,DATA,SOFT2,206520,3057
1758488599.38,2,DATA,RBRD,208000,1498610
1758488599.55,1,DATA,SOFT2,207020,3057
1758488599.88,2,DATA,RBRD,208500,1495150
1758488600.05,1,DATA,SOFT2,207520,3058
1758488600.38,2,DATA,RBRD,209000,1488310
1758488600.55,1,DATA,SOFT2,208020,3057
1758488600.89,2,DATA,RBRD,209500,1478050
1758488601.06,1,DATA,SOFT2,208520,3057
1758488601.39,2,DATA,RBRD,210000,1466470
1758488601.56,1,DATA,SOFT2,209020,3057
1758488601.89,2,DATA,RBRD,210500,1457710
1758488602.06,1,DATA,SOFT2,209520,3057
1758488602.39,2,DATA,RBRD,211000,1454600
1758488602.56,1,DATA,SOFT2,210020,3057
1758488602.89,2,DATA,RBRD,211500,1459880
1758488603.06,1,DATA,SOFT2,210520,3057
1758488603.43,2,DATA,RBRD,212000,1472790
1758488603.56,1,DATA,SOFT2,211020,3057
1758488603.89,2,DATA,RBRD,212500,1489030
1758488604.06,1,DATA,SOFT2,211520,3057
1758488604.40,2,DATA,RBRD,213000,1501750
1758488604.57,1,DATA,SOFT2,212020,3057
1758488604.90,2,DATA,RBRD,213500,1504160
1758488605.07,1,DATA,SOFT2,212520,3057
1758488605.40,2,DATA,RBRD,214000,1496290
1758488605.57,1,DATA,SOFT2,213020,3057
1758488605.90,2,DATA,RBRD,214500,1480580
1758488606.07,1,DATA,SOFT2,213520,3057
1758488606.40,2,DATA,RBRD,215000,1464300
1758488606.57,1,DATA,SOFT2,214020,3057
1758488606.90,2,DATA,RBRD,215500,1454160
1758488607.07,1,DATA,SOFT2,214520,3057
1758488607.40,2,DATA,RBRD,216000,1451270
1758488607.57,1,DATA,SOFT2,215020,3057
1758488607.91,2,DATA,RBRD,216500,1455420
1758488608.06,0,BSYS,217544,INFO,etmark 3496484864
1758488608.01,1,DATA,SOFT2,215520,3057
1758488608.34,2,DATA,RBRD,217000,1463160
1758488608.51,1,DATA,SOFT2,216020,3057
1758488608.84,2,DATA,RBRD,217500,1470960
1758488609.01,1,DATA,SOFT2,216520,3057
1758488609.34,2,DATA,RBRD,218000,1478830
1758488609.51,1,DATA,SOFT2,217020,3057
1758488609.84,2,DATA,RBRD,218500,1484310
1758488610.01,1,DATA,SOFT2,217520,3057
1758488610.34,2,DATA,RBRD,219000,1487280
1758488610.51,1,DATA,SOFT2,218020,3057
1758488610.84,2,DATA,RBRD,219500,1488500
1758488611.00,1,DATA,SOFT2,218520,3057
1758488611.33,2,DATA,RBRD,220000,1489590
1758488611.50,1,DATA,SOFT2,219020,3057
1758488611.83,2,DATA,RBRD,220500,1491120
1758488612.00,1,DATA,SOFT2,219520,3057
1758488612.33,2,DATA,RBRD,221000,1491630
1758488612.50,1,DATA,SOFT2,220020,3057
1758488612.83,2,DATA,RBRD,221500,1490800
1758488613.00,1,DATA,SOFT2,220520,3057
1758488613.37,2,DATA,RBRD,222000,1487740
1758488613.50,1,DATA,SOFT2,221020,3057
1758488613.83,2,DATA,RBRD,222500,1483740
1758488613.99,1,DATA,SOFT2,221520,3057
1758488614.33,2,DATA,RBRD,223000,1481130
1758488614.49,1,DATA,SOFT2,222020,3057
1758488614.82,2,DATA,RBRD,223500,1480180
1758488614.99,1,DATA,SOFT2,222520,3057
1758488615.32,2,DATA,RBRD,224000,1480930
1758488615.49,1,DATA,SOFT2,223020,3057
1758488615.82,2,DATA,RBRD,224500,1482420
1758488615.99,1,DATA,SOFT2,223520,3057
1758488616.32,2,DATA,RBRD,225000,1483550
1758488616.49,1,DATA,SOFT2,224020,3057
1758488616.82,2,DATA,RBRD,225500,1482320
1758488616.98,1,DATA,SOFT2,224520,3057
1758488617.32,2,DATA,RBRD,226000,1477180
1758488617.48,1,DATA,SOFT2,225020,3057
1758488617.82,2,DATA,RBRD,226500,1467000
1758488617.94,0,BSYS,227518,INFO,etmark 3496487424
1758488618.04,1,DATA,SOFT2,225520,3057
1758488618.37,2,DATA,RBRD,227000,1455300
1758488618.54,1,DATA,SOFT2,226020,3057
1758488618.88,2,DATA,RBRD,227500,1444860
1758488619.04,1,DATA,SOFT2,226520,3057
1758488619.38,2,DATA,RBRD,228000,1440690
1758488619.54,1,DATA,SOFT2,227020,3057
1758488619.88,2,DATA,RBRD,228500,1445780
1758488620.05,1,DATA,SOFT2,227520,3057
1758488620.38,2,DATA,RBRD,229000,1458790
1758488620.55,1,DATA,SOFT2,228020,3057
1758488620.88,2,DATA,RBRD,229500,1474450
1758488621.05,1,DATA,SOFT2,228520,3057
1758488621.38,2,DATA,RBRD,230000,1486380
1758488621.55,1,DATA,SOFT2,229020,3057
1758488621.88,2,DATA,RBRD,230500,1492870
1758488622.05,1,DATA,SOFT2,229520,3057
1758488622.39,2,DATA,RBRD,231000,1493300
1758488622.55,1,DATA,SOFT2,230020,3057
1758488622.89,2,DATA,RBRD,231500,1487560
1758488623.05,1,DATA,SOFT2,230520,3057
1758488623.42,2,DATA,RBRD,232000,1478870
1758488623.55,1,DATA,SOFT2,231020,3057
1758488623.89,2,DATA,RBRD,232500,1469890
1758488624.06,1,DATA,SOFT2,231520,3057
1758488624.39,2,DATA,RBRD,233000,1465060
1758488624.56,1,DATA,SOFT2,232020,3057
1758488624.89,2,DATA,RBRD,233500,1465100
1758488625.06,1,DATA,SOFT2,232520,3057
1758488625.39,2,DATA,RBRD,234000,1470980
1758488625.56,1,DATA,SOFT2,233020,3057
1758488625.90,2,DATA,RBRD,234500,1483320
1758488626.06,1,DATA,SOFT2,233520,3057
1758488626.40,2,DATA,RBRD,235000,1497900
1758488626.56,1,DATA,SOFT2,234020,3057
1758488626.90,2,DATA,RBRD,235500,1506610
1758488627.06,1,DATA,SOFT2,234520,3057
1758488627.40,2,DATA,RBRD,236000,1509930
1758488627.56,1,DATA,SOFT2,235020,3057
1758488627.90,2,DATA,RBRD,236500,1502850
1758488628.05,0,BSYS,237542,INFO,etmark 3496489984
1758488628.01,1,DATA,SOFT2,235520,3057
1758488628.35,2,DATA,RBRD,237000,1486210
1758488628.51,1,DATA,SOFT2,236020,3057
1758488628.85,2,DATA,RBRD,237500,1471060
1758488629.01,1,DATA,SOFT2,236520,3057
1758488629.35,2,DATA,RBRD,238000,1463020
1758488629.51,1,DATA,SOFT2,237020,3057
1758488629.85,2,DATA,RBRD,238500,1461440
1758488630.01,1,DATA,SOFT2,237520,3057
1758488630.35,2,DATA,RBRD,239000,1462110
1758488630.51,1,DATA,SOFT2,238020,3057
1758488630.85,2,DATA,RBRD,239500,1465610
1758488631.01,1,DATA,SOFT2,238520,3057
1758488631.34,2,DATA,RBRD,240000,1474270
1758488631.51,1,DATA,SOFT2,239020,3057
1758488631.84,2,DATA,RBRD,240500,1479400
1758488632.01,1,DATA,SOFT2,239520,3057
1758488632.34,2,DATA,RBRD,241000,1488900
1758488632.50,1,DATA,SOFT2,240020,3057
1758488632.84,2,DATA,RBRD,241500,1497950
1758488633.00,1,DATA,SOFT2,240520,3057
1758488633.37,2,DATA,RBRD,242000,1503120
1758488633.50,1,DATA,SOFT2,241020,3057
1758488633.84,2,DATA,RBRD,242500,1502220
1758488634.00,1,DATA,SOFT2,241520,3057
1758488634.34,2,DATA,RBRD,243000,1495290
1758488634.50,1,DATA,SOFT2,242020,3057
1758488634.84,2,DATA,RBRD,243500,1485040
1758488635.00,1,DATA,SOFT2,242520,3057
1758488635.33,2,DATA,RBRD,244000,1474410
1758488635.50,1,DATA,SOFT2,243020,3057
1758488635.83,2,DATA,RBRD,244500,1466110
1758488636.00,1,DATA,SOFT2,243520,3057
1758488636.33,2,DATA,RBRD,245000,1465560
1758488636.49,1,DATA,SOFT2,244020,3057
1758488636.83,2,DATA,RBRD,245500,1471460
1758488636.99,1,DATA,SOFT2,244520,3057
1758488637.33,2,DATA,RBRD,246000,1479950
1758488637.49,1,DATA,SOFT2,245020,3057
1758488637.83,2,DATA,RBRD,246500,1486440
1758488637.96,0,BSYS,247524,INFO,etmark 3496492544
1758488638.03,1,DATA,SOFT2,245520,3057
1758488638.37,2,DATA,RBRD,247000,1489480
1758488638.53,1,DATA,SOFT2,246020,3057
1758488638.87,2,DATA,RBRD,247500,1488210
1758488639.03,1,DATA,SOFT2,246520,3057
1758488639.37,2,DATA,RBRD,248000,1486600
1758488639.54,1,DATA,SOFT2,247020,3057
1758488639.88,2,DATA,RBRD,248500,1487680
1758488640.04,1,DATA,SOFT2,247520,3057
1758488640.38,2,DATA,RBRD,249000,1488240
1758488640.54,1,DATA,SOFT2,248020,3057
1758488640.88,2,DATA,RBRD,249500,1485410
1758488641.04,1,DATA,SOFT2,248520,3057
1758488641.38,2,DATA,RBRD,250000,1482730
1758488641.54,1,DATA,SOFT2,249020,3057
1758488641.88,2,DATA,RBRD,250500,1479120
1758488642.04,1,DATA,SOFT2,249520,3057
1758488642.38,2,DATA,RBRD,251000,1474230
1758488642.54,1,DATA,SOFT2,250020,3057
1758488642.88,2,DATA,RBRD,251500,1469790
1758488643.04,1,DATA,SOFT2,250520,3057
1758488643.41,2,DATA,RBRD,252000,1466190
1758488643.54,1,DATA,SOFT2,251020,3057
1758488643.88,2,DATA,RBRD,252500,1465050
1758488644.04,1,DATA,SOFT2,251520,3057
1758488644.38,2,DATA,RBRD,253000,1465950
1758488644.54,1,DATA,SOFT2,252020,3057
1758488644.89,2,DATA,RBRD,253500,1468690
1758488645.05,1,DATA,SOFT2,252520,3057
1758488645.39,2,DATA,RBRD,254000,1476400
1758488645.55,1,DATA,SOFT2,253020,3057
1758488645.89,2,DATA,RBRD,254500,1487540
1758488646.05,1,DATA,SOFT2,253520,3057
1758488646.39,2,DATA,RBRD,255000,1497810
1758488646.55,1,DATA,SOFT2,254020,3057
1758488646.89,2,DATA,RBRD,255500,1503740
1758488647.05,1,DATA,SOFT2,254520,3057
1758488647.39,2,DATA,RBRD,256000,1504360
1758488647.55,1,DATA,SOFT2,255020,3057
1758488647.89,2,DATA,RBRD,256500,1498400
1758488648.05,0,BSYS,257551,INFO,etmark 3496495104
1758488648.01,1,DATA,SOFT2,255520,3057
1758488648.34,2,DATA,RBRD,257000,1487200
1758488648.50,1,DATA,SOFT2,256020,3057
1758488648.84,2,DATA,RBRD,257500,1475350
1758488649.00,1,DATA,SOFT2,256520,3057
1758488649.34,2,DATA,RBRD,258000,1467400
1758488649.50,1,DATA,SOFT2,257020,3057
1758488649.84,2,DATA,RBRD,258500,1468920
1758488650.00,1,DATA,SOFT2,257520,3057
1758488650.34,2,DATA,RBRD,259000,1477130
1758488650.50,1,DATA,SOFT2,258020,3057
1758488650.84,2,DATA,RBRD,259500,1483330
1758488651.00,1,DATA,SOFT2,258520,3057
1758488651.34,2,DATA,RBRD,260000,1484250
1758488651.50,1,DATA,SOFT2,259020,3057
1758488651.84,2,DATA,RBRD,260500,1481080
1758488651.99,1,DATA,SOFT2,259520,3057
1758488652.33,2,DATA,RBRD,261000,1473150
1758488652.49,1,DATA,SOFT2,260020,3057
1758488652.83,2,DATA,RBRD,261500,1462960
1758488652.99,1,DATA,SOFT2,260520,3057
1758488653.36,2,DATA,RBRD,262000,1455280
1758488653.49,1,DATA,SOFT2,261020,3057
1758488653.83,2,DATA,RBRD,262500,1453640
1758488653.99,1,DATA,SOFT2,261520,3057
1758488654.33,2,DATA,RBRD,263000,1459100
1758488654.49,1,DATA,SOFT2,262020,3057
1758488654.83,2,DATA,RBRD,263500,1466740
1758488654.99,1,DATA,SOFT2,262520,3057
1758488655.33,2,DATA,RBRD,264000,1471810
1758488655.48,1,DATA,SOFT2,263020,3057
1758488655.83,2,DATA,RBRD,264500,1475750
1758488655.98,1,DATA,SOFT2,263520,3057
1758488656.32,2,DATA,RBRD,265000,1476210
1758488656.48,1,DATA,SOFT2,264020,3057
1758488656.82,2,DATA,RBRD,265500,1474650
1758488656.98,1,DATA,SOFT2,264520,3057
1758488657.32,2,DATA,RBRD,266000,1472900
1758488657.48,1,DATA,SOFT2,265020,3057
1758488657.82,2,DATA,RBRD,266500,1473030
1758488657.95,0,BSYS,267525,INFO,etmark 3496497664
1758488658.03,1,DATA,SOFT2,265520,3057
1758488658.37,2,DATA,RBRD,267000,1476690
1758488658.53,1,DATA,SOFT2,266020,3057
1758488658.88,2,DATA,RBRD,267500,1482380
1758488659.03,1,DATA,SOFT2,266520,3057
1758488659.38,2,DATA,RBRD,268000,1488620
1758488659.53,1,DATA,SOFT2,267020,3057
1758488659.88,2,DATA,RBRD,268500,1492980
1758488660.04,1,DATA,SOFT2,267520,3057
1758488660.38,2,DATA,RBRD,269000,1492250
1758488660.54,1,DATA,SOFT2,268020,3057
1758488660.88,2,DATA,RBRD,269500,1485590
1758488661.04,1,DATA,SOFT2,268520,3057
1758488661.38,2,DATA,RBRD,270000,1475030
1758488661.54,1,DATA,SOFT2,269020,3057
1758488661.89,2,DATA,RBRD,270500,1462150
1758488662.04,1,DATA,SOFT2,269520,3057
1758488662.39,2,DATA,RBRD,271000,1449350
1758488662.54,1,DATA,SOFT2,270020,3057
1758488662.89,2,DATA,RBRD,271500,1446250
1758488663.04,1,DATA,SOFT2,270520,3057
1758488663.41,2,DATA,RBRD,272000,1449910
1758488663.54,1,DATA,SOFT2,271020,3057
1758488663.89,2,DATA,RBRD,272500,1454720
1758488664.05,1,DATA,SOFT2,271520,3057
1758488664.39,2,DATA,RBRD,273000,1463760
1758488664.55,1,DATA,SOFT2,272020,3057
1758488664.89,2,DATA,RBRD,273500,1476800
1758488665.05,1,DATA,SOFT2,272520,3057
1758488665.39,2,DATA,RBRD,274000,1491150
1758488665.55,1,DATA,SOFT2,273020,3057
1758488665.90,2,DATA,RBRD,274500,1500790
1758488666.05,1,DATA,SOFT2,273520,3057
1758488666.40,2,DATA,RBRD,275000,1500410
1758488666.55,1,DATA,SOFT2,274020,3057
1758488666.90,2,DATA,RBRD,275500,1490300
1758488667.05,1,DATA,SOFT2,274520,3057
1758488667.40,2,DATA,RBRD,276000,1473890
1758488667.55,1,DATA,SOFT2,275020,3057
1758488667.90,2,DATA,RBRD,276500,1458260
1758488668.06,1,DATA,SOFT2,275520,3057
1758488668.15,0,BSYS,277653,INFO,etmark 3496497664
1758488668.40,2,DATA,RBRD,277000,1449620
1758488668.56,1,DATA,SOFT2,276020,3057
1758488668.90,2,DATA,RBRD,277500,1451700
1758488669.06,1,DATA,SOFT2,276520,3057
1758488669.40,2,DATA,RBRD,278000,1460960
1758488669.56,1,DATA,SOFT2,277020,3057
1758488669.91,2,DATA,RBRD,278500,1474690
1758488670.06,1,DATA,SOFT2,277520,3057
1758488670.41,2,DATA,RBRD,279000,1489470
1758488670.56,1,DATA,SOFT2,278020,3057
1758488670.91,2,DATA,RBRD,279500,1495700
1758488671.06,1,DATA,SOFT2,278520,3057
1758488671.41,2,DATA,RBRD,280000,1495750
1758488671.57,1,DATA,SOFT2,279020,3057
1758488671.91,2,DATA,RBRD,280500,1490260
1758488672.07,1,DATA,SOFT2,279520,3057
1758488672.41,2,DATA,RBRD,281000,1478930
1758488672.57,1,DATA,SOFT2,280020,3057
1758488672.91,2,DATA,RBRD,281500,1465900
1758488673.07,1,DATA,SOFT2,280520,3057
1758488673.43,2,DATA,RBRD,282000,1455760
1758488673.57,1,DATA,SOFT2,281020,3057
1758488673.92,2,DATA,RBRD,282500,1450820
1758488674.07,1,DATA,SOFT2,281520,3057
1758488674.42,2,DATA,RBRD,283000,1450620
1758488674.57,1,DATA,SOFT2,282020,3057
1758488674.92,2,DATA,RBRD,283500,1454850
1758488675.07,1,DATA,SOFT2,282520,3057
1758488675.42,2,DATA,RBRD,284000,1464840
1758488675.58,1,DATA,SOFT2,283020,3057
1758488675.92,2,DATA,RBRD,284500,1473390
1758488676.08,1,DATA,SOFT2,283520,3057
1758488676.42,2,DATA,RBRD,285000,1477960
1758488676.58,1,DATA,SOFT2,284020,3057
1758488676.93,2,DATA,RBRD,285500,1481550
1758488677.08,1,DATA,SOFT2,284520,3057
1758488677.43,2,DATA,RBRD,286000,1481770
1758488677.58,1,DATA,SOFT2,285020,3057
1758488677.93,2,DATA,RBRD,286500,1484790
1758488678.06,0,BSYS,287530,INFO,etmark 3496502784
1758488678.02,1,DATA,SOFT2,285520,3057
1758488678.37,2,DATA,RBRD,287000,1491620
1758488678.52,1,DATA,SOFT2,286020,3057
1758488678.87,2,DATA,RBRD,287500,1495130
1758488679.02,1,DATA,SOFT2,286520,3057
1758488679.37,2,DATA,RBRD,288000,1494310
1758488679.52,1,DATA,SOFT2,287020,3057
1758488679.87,2,DATA,RBRD,288500,1484750
1758488680.02,1,DATA,SOFT2,287520,3057
1758488680.37,2,DATA,RBRD,289000,1472740
1758488680.52,1,DATA,SOFT2,288020,3057
1758488680.87,2,DATA,RBRD,289500,1466180
1758488681.02,1,DATA,SOFT2,288520,3057
1758488681.37,2,DATA,RBRD,290000,1463950
1758488681.52,1,DATA,SOFT2,289020,3057
1758488681.87,2,DATA,RBRD,290500,1462300
1758488682.02,1,DATA,SOFT2,289520,3057
1758488682.37,2,DATA,RBRD,291000,1461480
1758488682.52,1,DATA,SOFT2,290020,3057
1758488682.87,2,DATA,RBRD,291500,1460300
1758488683.02,1,DATA,SOFT2,290520,3057
1758488683.39,2,DATA,RBRD,292000,1458910
1758488683.52,1,DATA,SOFT2,291020,3057
1758488683.87,2,DATA,RBRD,292500,1458870
1758488684.02,1,DATA,SOFT2,291520,3057
1758488684.37,2,DATA,RBRD,293000,1462800
1758488684.52,1,DATA,SOFT2,292020,3057
1758488684.87,2,DATA,RBRD,293500,1473250
1758488685.02,1,DATA,SOFT2,292520,3057
1758488685.37,2,DATA,RBRD,294000,1489940
1758488685.52,1,DATA,SOFT2,293020,3057
1758488685.87,2,DATA,RBRD,294500,1504940
1758488686.02,1,DATA,SOFT2,293520,3057
1758488686.37,2,DATA,RBRD,295000,1512460
1758488686.52,1,DATA,SOFT2,294020,3057
1758488686.87,2,DATA,RBRD,295500,1511140
1758488687.02,1,DATA,SOFT2,294520,3057
1758488687.37,2,DATA,RBRD,296000,1503980
1758488687.52,1,DATA,SOFT2,295020,3057
1758488687.87,2,DATA,RBRD,296500,1492430
1758488688.02,1,DATA,SOFT2,295520,3057
1758488688.02,0,BSYS,297565,INFO,etmark 3496505344
1758488688.34,2,DATA,RBRD,297000,1481280
1758488688.49,1,DATA,SOFT2,296020,3057
1758488688.84,2,DATA,RBRD,297500,1470740
1758488688.99,1,DATA,SOFT2,296520,3057
1758488689.33,2,DATA,RBRD,298000,1460990
1758488689.48,1,DATA,SOFT2,297020,3057
1758488689.83,2,DATA,RBRD,298500,1453690
1758488689.98,1,DATA,SOFT2,297520,3057
1758488690.33,2,DATA,RBRD,299000,1452210
1758488690.48,1,DATA,SOFT2,298020,3057
1758488690.83,2,DATA,RBRD,299500,1460110
1758488690.98,1,DATA,SOFT2,298520,3057
1758488691.33,2,DATA,RBRD,300000,1490120
1758488691.48,1,DATA,SOFT2,299020,3057
1758488691.83,2,DATA,RBRD,300500,1504790
1758488691.98,1,DATA,SOFT2,299520,3057
1758488692.32,2,DATA,RBRD,301000,1522180
1758488692.47,1,DATA,SOFT2,300020,3057
1758488692.82,2,DATA,RBRD,301500,1523740
1758488692.97,1,DATA,SOFT2,300520,3057
1758488693.34,2,DATA,RBRD,302000,1509300
1758488693.47,1,DATA,SOFT2,301020,3057
1758488693.82,2,DATA,RBRD,302500,1486810
1758488693.97,1,DATA,SOFT2,301520,3057
1758488694.32,2,DATA,RBRD,303000,1465570
1758488694.47,1,DATA,SOFT2,302020,3057
1758488694.82,2,DATA,RBRD,303500,1450610
1758488694.96,1,DATA,SOFT2,302520,3057
1758488695.31,2,DATA,RBRD,304000,1444770
1758488695.46,1,DATA,SOFT2,303020,3057
1758488695.81,2,DATA,RBRD,304500,1446070
1758488695.96,1,DATA,SOFT2,303520,3057
1758488696.31,2,DATA,RBRD,305000,1452960
1758488696.46,1,DATA,SOFT2,304020,3057
1758488696.81,2,DATA,RBRD,305500,1462160
1758488696.96,1,DATA,SOFT2,304520,3057
1758488697.31,2,DATA,RBRD,306000,1469220
1758488697.46,1,DATA,SOFT2,305020,3057
1758488697.81,2,DATA,RBRD,306500,1472880
1758488697.94,0,BSYS,307537,INFO,etmark 3496507904
1758488698.02,1,DATA,SOFT2,305520,3057
1758488698.37,2,DATA,RBRD,307000,1474700
1758488698.52,1,DATA,SOFT2,306020,3057
1758488698.87,2,DATA,RBRD,307500,1477710
1758488699.02,1,DATA,SOFT2,306520,3057
1758488699.37,2,DATA,RBRD,308000,1488400
1758488699.52,1,DATA,SOFT2,307020,3057
1758488699.87,2,DATA,RBRD,308500,1505230
1758488700.02,1,DATA,SOFT2,307520,3057
1758488700.38,2,DATA,RBRD,309000,1520880
1758488700.52,1,DATA,SOFT2,308020,3056
1758488700.88,2,DATA,RBRD,309500,1526210
1758488701.02,1,DATA,SOFT2,308520,3057
1758488701.38,2,DATA,RBRD,310000,1517510
1758488701.53,1,DATA,SOFT2,309020,3057
1758488701.88,2,DATA,RBRD,310500,1497110
1758488702.03,1,DATA,SOFT2,309520,3056
1758488702.38,2,DATA,RBRD,311000,1473060
1758488702.53,1,DATA,SOFT2,310020,3057
1758488702.88,2,DATA,RBRD,311500,1456480
1758488703.03,1,DATA,SOFT2,310520,3057
1758488703.40,2,DATA,RBRD,312000,1447750
1758488703.53,1,DATA,SOFT2,311020,3057
1758488703.89,2,DATA,RBRD,312500,1442450
1758488704.03,1,DATA,SOFT2,311520,3057
1758488704.39,2,DATA,RBRD,313000,1440100
1758488704.53,1,DATA,SOFT2,312020,3057
1758488704.89,2,DATA,RBRD,313500,1441060
1758488705.04,1,DATA,SOFT2,312520,3057
1758488705.39,2,DATA,RBRD,314000,1444460
1758488705.54,1,DATA,SOFT2,313020,3057
1758488705.89,2,DATA,RBRD,314500,1450400
1758488706.04,1,DATA,SOFT2,313520,3057
1758488706.39,2,DATA,RBRD,315000,1460320
1758488706.54,1,DATA,SOFT2,314020,3057
1758488706.89,2,DATA,RBRD,315500,1472750
1758488707.04,1,DATA,SOFT2,314520,3057
1758488707.40,2,DATA,RBRD,316000,1487710
1758488707.54,1,DATA,SOFT2,315020,3057
1758488707.90,2,DATA,RBRD,316500,1503290
1758488708.04,1,DATA,SOFT2,315520,3057
1758488708.05,0,BSYS,317564,INFO,etmark 3496510464
1758488708.34,2,DATA,RBRD,317000,1515680
1758488708.49,1,DATA,SOFT2,316020,3057
1758488708.84,2,DATA,RBRD,317500,1521380
1758488708.99,1,DATA,SOFT2,316520,3057
1758488709.34,2,DATA,RBRD,318000,1521010
1758488709.48,1,DATA,SOFT2,317020,3057
1758488709.84,2,DATA,RBRD,318500,1514010
1758488709.98,1,DATA,SOFT2,317520,3057
1758488710.34,2,DATA,RBRD,319000,1500790
1758488710.48,1,DATA,SOFT2,318020,3057
1758488710.84,2,DATA,RBRD,319500,1485150
1758488710.98,1,DATA,SOFT2,318520,3057
1758488711.33,2,DATA,RBRD,320000,1471230
1758488711.48,1,DATA,SOFT2,319020,3057
1758488711.83,2,DATA,RBRD,320500,1459040
1758488711.98,1,DATA,SOFT2,319520,3057
1758488712.33,2,DATA,RBRD,321000,1451220
1758488712.48,1,DATA,SOFT2,320020,3057
1758488712.83,2,DATA,RBRD,321500,1449400
1758488712.98,1,DATA,SOFT2,320520,3057
1758488713.34,2,DATA,RBRD,322000,1453580
1758488713.47,1,DATA,SOFT2,321020,3057
1758488713.83,2,DATA,RBRD,322500,1462620
1758488713.97,1,DATA,SOFT2,321520,3057
1758488714.33,2,DATA,RBRD,323000,1473720
1758488714.47,1,DATA,SOFT2,322020,3057
1758488714.83,2,DATA,RBRD,323500,1481940
1758488714.97,1,DATA,SOFT2,322520,3057
1758488715.32,2,DATA,RBRD,324000,1487350
1758488715.47,1,DATA,SOFT2,323020,3057
1758488715.82,2,DATA,RBRD,324500,1487280
1758488715.97,1,DATA,SOFT2,323520,3057
1758488716.32,2,DATA,RBRD,325000,1485630
1758488716.47,1,DATA,SOFT2,324020,3057
1758488716.82,2,DATA,RBRD,325500,1481880
1758488716.96,1,DATA,SOFT2,324520,3057
1758488717.32,2,DATA,RBRD,326000,1480640
1758488717.46,1,DATA,SOFT2,325020,3057
1758488717.82,2,DATA,RBRD,326500,1482800
1758488717.94,0,BSYS,327535,INFO,etmark 3496513024
1758488718.02,1,DATA,SOFT2,325520,3057
1758488718.38,2,DATA,RBRD,327000,1484420
1758488718.52,1,DATA,SOFT2,326020,3057
1758488718.88,2,DATA,RBRD,327500,1483860
1758488719.02,1,DATA,SOFT2,326520,3057
1758488719.38,2,DATA,RBRD,328000,1480870
1758488719.52,1,DATA,SOFT2,327020,3057
1758488719.88,2,DATA,RBRD,328500,1477240
1758488720.02,1,DATA,SOFT2,327520,3057
1758488720.38,2,DATA,RBRD,329000,1475580
1758488720.52,1,DATA,SOFT2,328020,3057
1758488720.88,2,DATA,RBRD,329500,1475440
1758488721.03,1,DATA,SOFT2,328520,3057
1758488721.38,2,DATA,RBRD,330000,1475160
1758488721.53,1,DATA,SOFT2,329020,3057
1758488721.89,2,DATA,RBRD,330500,1473630
1758488722.03,1,DATA,SOFT2,329520,3057
1758488722.39,2,DATA,RBRD,331000,1472010
1758488722.53,1,DATA,SOFT2,330020,3057
1758488722.89,2,DATA,RBRD,331500,1470000
1758488723.03,1,DATA,SOFT2,330520,3057
1758488723.40,2,DATA,RBRD,332000,1469350
1758488723.53,1,DATA,SOFT2,331020,3057
1758488723.89,2,DATA,RBRD,332500,1469320
1758488724.03,1,DATA,SOFT2,331520,3057
1758488724.39,2,DATA,RBRD,333000,1471140
1758488724.54,1,DATA,SOFT2,332020,3057
1758488724.90,2,DATA,RBRD,333500,1475250
1758488725.04,1,DATA,SOFT2,332520,3057
1758488725.40,2,DATA,RBRD,334000,1481050
1758488725.54,1,DATA,SOFT2,333020,3057
1758488725.90,2,DATA,RBRD,334500,1485530
1758488726.04,1,DATA,SOFT2,333520,3057
1758488726.40,2,DATA,RBRD,335000,1487820
1758488726.54,1,DATA,SOFT2,334020,3057
1758488726.90,2,DATA,RBRD,335500,1487870
1758488727.04,1,DATA,SOFT2,334520,3057
1758488727.40,2,DATA,RBRD,336000,1485410
1758488727.54,1,DATA,SOFT2,335020,3057
1758488727.90,2,DATA,RBRD,336500,1480600
1758488728.05,1,DATA,SOFT2,335520,3057
1758488728.06,0,BSYS,337567,INFO,etmark 3496515584
1758488728.34,2,DATA,RBRD,337000,1473910
1758488728.48,1,DATA,SOFT2,336020,3057
1758488728.84,2,DATA,RBRD,337500,1467170
1758488728.98,1,DATA,SOFT2,336520,3057
1758488729.34,2,DATA,RBRD,338000,1460660
1758488729.48,1,DATA,SOFT2,337020,3057
1758488729.84,2,DATA,RBRD,338500,1457610
1758488729.98,1,DATA,SOFT2,337520,3057
1758488730.34,2,DATA,RBRD,339000,1457770
1758488730.48,1,DATA,SOFT2,338020,3057
1758488730.84,2,DATA,RBRD,339500,1463150
1758488730.98,1,DATA,SOFT2,338520,3057
1758488731.33,2,DATA,RBRD,340000,1469950
1758488731.47,1,DATA,SOFT2,339020,3057
1758488731.83,2,DATA,RBRD,340500,1476230
1758488731.97,1,DATA,SOFT2,339520,3057
1758488732.33,2,DATA,RBRD,341000,1482110
1758488732.47,1,DATA,SOFT2,340020,3057
1758488732.83,2,DATA,RBRD,341500,1487790
1758488732.97,1,DATA,SOFT2,340520,3057
1758488733.33,2,DATA,RBRD,342000,1494360
1758488733.47,1,DATA,SOFT2,341020,3057
1758488733.83,2,DATA,RBRD,342500,1501690
1758488733.97,1,DATA,SOFT2,341520,3057
1758488734.32,2,DATA,RBRD,343000,1505790
1758488734.46,1,DATA,SOFT2,342020,3057
1758488734.82,2,DATA,RBRD,343500,1506740
1758488734.96,1,DATA,SOFT2,342520,3057
1758488735.32,2,DATA,RBRD,344000,1504020
1758488735.46,1,DATA,SOFT2,343020,3057
1758488735.82,2,DATA,RBRD,344500,1496860
1758488735.96,1,DATA,SOFT2,343520,3057
1758488736.32,2,DATA,RBRD,345000,1487720
1758488736.46,1,DATA,SOFT2,344020,3057
1758488736.82,2,DATA,RBRD,345500,1474810
1758488736.96,1,DATA,SOFT2,344520,3057
1758488737.32,2,DATA,RBRD,346000,1459170
1758488737.45,1,DATA,SOFT2,345020,3057
1758488737.81,2,DATA,RBRD,346500,1445520
1758488737.94,0,BSYS,347539,INFO,etmark 3496518144
1758488738.01,1,DATA,SOFT2,345520,3057
1758488738.37,2,DATA,RBRD,347000,1439240
1758488738.51,1,DATA,SOFT2,346020,3057
1758488738.88,2,DATA,RBRD,347500,1443250
1758488739.01,1,DATA,SOFT2,346520,3057
1758488739.38,2,DATA,RBRD,348000,1454150
1758488739.52,1,DATA,SOFT2,347020,3057
1758488739.88,2,DATA,RBRD,348500,1467750
1758488740.02,1,DATA,SOFT2,347520,3057
1758488740.38,2,DATA,RBRD,349000,1479540
1758488740.52,1,DATA,SOFT2,348020,3057
1758488740.88,2,DATA,RBRD,349500,1488950
1758488741.02,1,DATA,SOFT2,348520,3057
1758488741.38,2,DATA,RBRD,350000,1494610
1758488741.52,1,DATA,SOFT2,349020,3057
1758488741.88,2,DATA,RBRD,350500,1495490
1758488742.02,1,DATA,SOFT2,349520,3057
1758488742.38,2,DATA,RBRD,351000,1491640
1758488742.52,1,DATA,SOFT2,350020,3057
1758488742.89,2,DATA,RBRD,351500,1484010
1758488743.02,1,DATA,SOFT2,350520,3057
1758488743.39,2,DATA,RBRD,352000,1474740
1758488743.53,1,DATA,SOFT2,351020,3057
1758488743.89,2,DATA,RBRD,352500,1468530
1758488744.03,1,DATA,SOFT2,351520,3057
1758488744.39,2,DATA,RBRD,353000,1469500
1758488744.53,1,DATA,SOFT2,352020,3057
1758488744.89,2,DATA,RBRD,353500,1476100
1758488745.03,1,DATA,SOFT2,352520,3057
1758488745.39,2,DATA,RBRD,354000,1482650
1758488745.53,1,DATA,SOFT2,353020,3057
1758488745.90,2,DATA,RBRD,354500,1484760
1758488746.03,1,DATA,SOFT2,353520,3057
1758488746.40,2,DATA,RBRD,355000,1481810
1758488746.53,1,DATA,SOFT2,354020,3057
1758488746.90,2,DATA,RBRD,355500,1474140
1758488747.04,1,DATA,SOFT2,354520,3057
1758488747.40,2,DATA,RBRD,356000,1466850
1758488747.54,1,DATA,SOFT2,355020,3057
1758488747.90,2,DATA,RBRD,356500,1461950
1758488748.04,1,DATA,SOFT2,355520,3057
1758488748.06,0,BSYS,357571,INFO,etmark 3496520704
1758488748.34,2,DATA,RBRD,357000,1458640
1758488748.48,1,DATA,SOFT2,356020,3057
1758488748.84,2,DATA,RBRD,357500,1456130
1758488748.98,1,DATA,SOFT2,356520,3057
1758488749.34,2,DATA,RBRD,358000,1454600
1758488749.47,1,DATA,SOFT2,357020,3057
1758488749.84,2,DATA,RBRD,358500,1455690
1758488749.97,1,DATA,SOFT2,357520,3057
1758488750.34,2,DATA,RBRD,359000,1460680
1758488750.47,1,DATA,SOFT2,358020,3057
1758488750.83,2,DATA,RBRD,359500,1472110
1758488750.97,1,DATA,SOFT2,358520,3057
1758488751.33,2,DATA,RBRD,360000,1495920
1758488751.47,1,DATA,SOFT2,359020,3057
1758488751.83,2,DATA,RBRD,360500,1505760
1758488751.97,1,DATA,SOFT2,359520,3057
1758488752.33,2,DATA,RBRD,361000,1518050
1758488752.46,1,DATA,SOFT2,360020,3057
1758488752.83,2,DATA,RBRD,361500,1523350
1758488752.96,1,DATA,SOFT2,360520,3057
1758488753.33,2,DATA,RBRD,362000,1519840
1758488753.46,1,DATA,SOFT2,361020,3057
1758488753.83,2,DATA,RBRD,362500,1507850
1758488753.96,1,DATA,SOFT2,361520,3057
1758488754.32,2,DATA,RBRD,363000,1493930
1758488754.46,1,DATA,SOFT2,362020,3057
1758488754.82,2,DATA,RBRD,363500,1480430
1758488754.96,1,DATA,SOFT2,362520,3057
1758488755.32,2,DATA,RBRD,364000,1469860
1758488755.45,1,DATA,SOFT2,363020,3057
1758488755.82,2,DATA,RBRD,364500,1463880
1758488755.95,1,DATA,SOFT2,363520,3057
1758488756.32,2,DATA,RBRD,365000,1461020
1758488756.45,1,DATA,SOFT2,364020,3057
1758488756.82,2,DATA,RBRD,365500,1460020
1758488756.95,1,DATA,SOFT2,364520,3057
1758488757.31,2,DATA,RBRD,366000,1460660
1758488757.45,1,DATA,SOFT2,365020,3057
1758488757.81,2,DATA,RBRD,366500,1461540
1758488757.94,0,BSYS,367547,INFO,etmark 3496523264
1758488758.01,1,DATA,SOFT2,365520,3057
1758488758.37,2,DATA,RBRD,367000,1461580
1758488758.50,1,DATA,SOFT2,366020,3057
1758488758.87,2,DATA,RBRD,367500,1458820
1758488759.01,1,DATA,SOFT2,366520,3057
1758488759.37,2,DATA,RBRD,368000,1452290
1758488759.51,1,DATA,SOFT2,367020,3057
1758488759.87,2,DATA,RBRD,368500,1445170
1758488760.01,1,DATA,SOFT2,367520,3057
1758488760.37,2,DATA,RBRD,369000,1439830
1758488760.51,1,DATA,SOFT2,368020,3057
1758488760.88,2,DATA,RBRD,369500,1438150
1758488761.01,1,DATA,SOFT2,368520,3056
1758488761.38,2,DATA,RBRD,370000,1442520
1758488761.51,1,DATA,SOFT2,369020,3057
1758488761.88,2,DATA,RBRD,370500,1452050
1758488762.01,1,DATA,SOFT2,369520,3057
1758488762.38,2,DATA,RBRD,371000,1466390
1758488762.51,1,DATA,SOFT2,370020,3057
1758488762.88,2,DATA,RBRD,371500,1482330
1758488763.02,1,DATA,SOFT2,370520,3057
1758488763.38,2,DATA,RBRD,372000,1496540
1758488763.52,1,DATA,SOFT2,371020,3057
1758488763.88,2,DATA,RBRD,372500,1503340
1758488764.02,1,DATA,SOFT2,371520,3057
1758488764.39,2,DATA,RBRD,373000,1502730
1758488764.52,1,DATA,SOFT2,372020,3057
1758488764.89,2,DATA,RBRD,373500,1498250
1758488765.02,1,DATA,SOFT2,372520,3057
1758488765.39,2,DATA,RBRD,374000,1493310
1758488765.52,1,DATA,SOFT2,373020,3057
1758488765.89,2,DATA,RBRD,374500,1492980
1758488766.02,1,DATA,SOFT2,373520,3057
1758488766.39,2,DATA,RBRD,375000,1496700
1758488766.52,1,DATA,SOFT2,374020,3057
1758488766.89,2,DATA,RBRD,375500,1498760
1758488767.03,1,DATA,SOFT2,374520,3057
1758488767.39,2,DATA,RBRD,376000,1497060
1758488767.53,1,DATA,SOFT2,375020,3057
1758488767.90,2,DATA,RBRD,376500,1490780
1758488768.03,1,DATA,SOFT2,375520,3057
1758488768.05,0,BSYS,377570,INFO,etmark 3496525824
1758488768.35,2,DATA,RBRD,377000,1481980
1758488768.48,1,DATA,SOFT2,376020,3057
1758488768.84,2,DATA,RBRD,377500,1471370
1758488768.98,1,DATA,SOFT2,376520,3057
1758488769.34,2,DATA,RBRD,378000,1461970
1758488769.48,1,DATA,SOFT2,377020,3057
1758488769.84,2,DATA,RBRD,378500,1454070
1758488769.97,1,DATA,SOFT2,377520,3057
1758488770.34,2,DATA,RBRD,379000,1447510
1758488770.47,1,DATA,SOFT2,378020,3057
1758488770.84,2,DATA,RBRD,379500,1444180
1758488770.97,1,DATA,SOFT2,378520,3057
1758488771.34,2,DATA,RBRD,380000,1444070
1758488771.47,1,DATA,SOFT2,379020,3057
1758488771.84,2,DATA,RBRD,380500,1446590
1758488771.97,1,DATA,SOFT2,379520,3057
1758488772.34,2,DATA,RBRD,381000,1453900
1758488772.47,1,DATA,SOFT2,380020,3057
1758488772.84,2,DATA,RBRD,381500,1467810
1758488772.97,1,DATA,SOFT2,380520,3056
1758488773.33,2,DATA,RBRD,382000,1488120
1758488773.46,1,DATA,SOFT2,381020,3057
1758488773.83,2,DATA,RBRD,382500,1508240
1758488773.96,1,DATA,SOFT2,381520,3057
1758488774.33,2,DATA,RBRD,383000,1520220
1758488774.46,1,DATA,SOFT2,382020,3057
1758488774.83,2,DATA,RBRD,383500,1522060
1758488774.96,1,DATA,SOFT2,382520,3056
1758488775.33,2,DATA,RBRD,384000,1513490
1758488775.46,1,DATA,SOFT2,383020,3057
1758488775.83,2,DATA,RBRD,384500,1494770
1758488775.96,1,DATA,SOFT2,383520,3057
1758488776.33,2,DATA,RBRD,385000,1472090
1758488776.46,1,DATA,SOFT2,384020,3057
1758488776.83,2,DATA,RBRD,385500,1457200
1758488776.96,1,DATA,SOFT2,384520,3057
1758488777.33,2,DATA,RBRD,386000,1450840
1758488777.46,1,DATA,SOFT2,385020,3056
1758488777.83,2,DATA,RBRD,386500,1453610
1758488777.95,1,DATA,SOFT2,385520,3057
1758488778.05,0,BSYS,387648,INFO,etmark 3496525824
1758488778.32,2,DATA,RBRD,387000,1462380
1758488778.45,1,DATA,SOFT2,386020,3057
1758488778.82,2,DATA,RBRD,387500,1473350
1758488778.95,1,DATA,SOFT2,386520,3057
1758488779.32,2,DATA,RBRD,388000,1482740
1758488779.45,1,DATA,SOFT2,387020,3057
1758488779.82,2,DATA,RBRD,388500,1491140
1758488779.95,1,DATA,SOFT2,387520,3057
1758488780.32,2,DATA,RBRD,389000,1496840
1758488780.45,1,DATA,SOFT2,388020,3057
1758488780.82,2,DATA,RBRD,389500,1497920
1758488780.95,1,DATA,SOFT2,388520,3057
1758488781.32,2,DATA,RBRD,390000,1492800
1758488781.45,1,DATA,SOFT2,389020,3057
1758488781.82,2,DATA,RBRD,390500,1482230
1758488781.94,1,DATA,SOFT2,389520,3057
1758488782.31,2,DATA,RBRD,391000,1469140
1758488782.44,1,DATA,SOFT2,390020,3057
1758488782.81,2,DATA,RBRD,391500,1457660
1758488782.94,1,DATA,SOFT2,390520,3057
1758488783.31,2,DATA,RBRD,392000,1449290
1758488783.44,1,DATA,SOFT2,391020,3057
1758488783.81,2,DATA,RBRD,392500,1444190
1758488783.94,1,DATA,SOFT2,391520,3057
1758488784.31,2,DATA,RBRD,393000,1446090
1758488784.44,1,DATA,SOFT2,392020,3057
1758488784.81,2,DATA,RBRD,393500,1456530
1758488784.94,1,DATA,SOFT2,392520,3057
1758488785.31,2,DATA,RBRD,394000,1474170
1758488785.44,1,DATA,SOFT2,393020,3057
1758488785.81,2,DATA,RBRD,394500,1494480
1758488785.93,1,DATA,SOFT2,393520,3057
1758488786.31,2,DATA,RBRD,395000,1510200
1758488786.43,1,DATA,SOFT2,394020,3057
1758488786.80,2,DATA,RBRD,395500,1516090
1758488786.93,1,DATA,SOFT2,394520,3057
1758488787.30,2,DATA,RBRD,396000,1512430
1758488787.43,1,DATA,SOFT2,395020,3057
1758488787.80,2,DATA,RBRD,396500,1504200
1758488787.93,1,DATA,SOFT2,395520,3057
1758488787.96,0,BSYS,397579,INFO,etmark 3496530944
1758488788.34,2,DATA,RBRD,397000,1492340
1758488788.47,1,DATA,SOFT2,396020,3057
1758488788.84,2,DATA,RBRD,397500,1477810
1758488788.97,1,DATA,SOFT2,396520,3057
1758488789.34,2,DATA,RBRD,398000,1467020
1758488789.47,1,DATA,SOFT2,397020,3056
1758488789.84,2,DATA,RBRD,398500,1462310
1758488789.97,1,DATA,SOFT2,397520,3056
1758488790.34,2,DATA,RBRD,399000,1460260
1758488790.47,1,DATA,SOFT2,398020,3057
1758488790.84,2,DATA,RBRD,399500,1459110
1758488790.97,1,DATA,SOFT2,398520,3057
1758488791.34,2,DATA,RBRD,400000,1457170
1758488791.47,1,DATA,SOFT2,399020,3057
1758488791.84,2,DATA,RBRD,400500,1456170
1758488791.97,1,DATA,SOFT2,399520,3057
1758488792.34,2,DATA,RBRD,401000,1458310
1758488792.47,1,DATA,SOFT2,400020,3057
1758488792.84,2,DATA,RBRD,401500,1463730
1758488792.97,1,DATA,SOFT2,400520,3057
1758488793.34,2,DATA,RBRD,402000,1471870
1758488793.47,1,DATA,SOFT2,401020,3057
1758488793.84,2,DATA,RBRD,402500,1481630
1758488793.97,1,DATA,SOFT2,401520,3057
1758488794.34,2,DATA,RBRD,403000,1490700
1758488794.47,1,DATA,SOFT2,402020,3057
1758488794.84,2,DATA,RBRD,403500,1498220
1758488794.97,1,DATA,SOFT2,402520,3057
1758488795.34,2,DATA,RBRD,404000,1501120
1758488795.47,1,DATA,SOFT2,403020,3057
1758488795.84,2,DATA,RBRD,404500,1497800
1758488795.97,1,DATA,SOFT2,403520,3057
1758488796.34,2,DATA,RBRD,405000,1488430
1758488796.47,1,DATA,SOFT2,404020,3057
1758488796.84,2,DATA,RBRD,405500,1478980
1758488796.97,1,DATA,SOFT2,404520,3057
1758488797.34,2,DATA,RBRD,406000,1473450
1758488797.47,1,DATA,SOFT2,405020,3057
1758488797.84,2,DATA,RBRD,406500,1470340
1758488797.97,1,DATA,SOFT2,405520,3057
1758488797.97,0,BSYS,407559,INFO,etmark 3496533504
1758488798.36,2,DATA,RBRD,407000,1468430
1758488798.49,1,DATA,SOFT2,406020,3057
1758488798.87,2,DATA,RBRD,407500,1467510
1758488798.99,1,DATA,SOFT2,406520,3057
1758488799.37,2,DATA,RBRD,408000,1467620
1758488799.49,1,DATA,SOFT2,407020,3057
1758488799.87,2,DATA,RBRD,408500,1465260
1758488799.99,1,DATA,SOFT2,407520,3057
1758488800.37,2,DATA,RBRD,409000,1461770
1758488800.49,1,DATA,SOFT2,408020,3057
1758488800.87,2,DATA,RBRD,409500,1460020
1758488800.99,1,DATA,SOFT2,408520,3057
1758488801.37,2,DATA,RBRD,410000,1462140
1758488801.50,1,DATA,SOFT2,409020,3057
1758488801.87,2,DATA,RBRD,410500,1465540
1758488802.00,1,DATA,SOFT2,409520,3057
1758488802.37,2,DATA,RBRD,411000,1468330
1758488802.50,1,DATA,SOFT2,410020,3057
1758488802.87,2,DATA,RBRD,411500,1471520
1758488803.00,1,DATA,SOFT2,410520,3057
1758488803.38,2,DATA,RBRD,412000,1474560
1758488803.50,1,DATA,SOFT2,411020,3057
1758488803.88,2,DATA,RBRD,412500,1476050
1758488804.00,1,DATA,SOFT2,411520,3057
1758488804.38,2,DATA,RBRD,413000,1476410
1758488804.50,1,DATA,SOFT2,412020,3057
1758488804.88,2,DATA,RBRD,413500,1477800
1758488805.00,1,DATA,SOFT2,412520,3057
1758488805.38,2,DATA,RBRD,414000,1482480
1758488805.50,1,DATA,SOFT2,413020,3057
1758488805.88,2,DATA,RBRD,414500,1490300
1758488806.00,1,DATA,SOFT2,413520,3057
1758488806.38,2,DATA,RBRD,415000,1498150
1758488806.51,1,DATA,SOFT2,414020,3057
1758488806.88,2,DATA,RBRD,415500,1503560
1758488807.01,1,DATA,SOFT2,414520,3057
1758488807.38,2,DATA,RBRD,416000,1504370
1758488807.51,1,DATA,SOFT2,415020,3057
1758488807.89,2,DATA,RBRD,416500,1500600
1758488808.01,1,DATA,SOFT2,415520,3057
1758488808.05,0,BSYS,417585,INFO,etmark 3496536064
1758488808.34,2,DATA,RBRD,417000,1492720
1758488808.46,1,DATA,SOFT2,416020,3057
1758488808.84,2,DATA,RBRD,417500,1484680
1758488808.96,1,DATA,SOFT2,416520,3057
1758488809.34,2,DATA,RBRD,418000,1480290
1758488809.46,1,DATA,SOFT2,417020,3057
1758488809.84,2,DATA,RBRD,418500,1480830
1758488809.96,1,DATA,SOFT2,417520,3057
1758488810.33,2,DATA,RBRD,419000,1482100
1758488810.46,1,DATA,SOFT2,418020,3056
1758488810.83,2,DATA,RBRD,419500,1480120
1758488810.95,1,DATA,SOFT2,418520,3057
1758488811.33,2,DATA,RBRD,420000,1473690
1758488811.45,1,DATA,SOFT2,419020,3057
1758488811.83,2,DATA,RBRD,420500,1471330
1758488811.95,1,DATA,SOFT2,419520,3057
1758488812.33,2,DATA,RBRD,421000,1468170
1758488812.45,1,DATA,SOFT2,420020,3057
1758488812.83,2,DATA,RBRD,421500,1469490
1758488812.95,1,DATA,SOFT2,420520,3057
1758488813.33,2,DATA,RBRD,422000,1475960
1758488813.45,1,DATA,SOFT2,421020,3057
1758488813.83,2,DATA,RBRD,422500,1481940
1758488813.95,1,DATA,SOFT2,421520,3057
1758488814.32,2,DATA,RBRD,423000,1485640
1758488814.45,1,DATA,SOFT2,422020,3057
1758488814.82,2,DATA,RBRD,423500,1485320
1758488814.94,1,DATA,SOFT2,422520,3057
1758488815.32,2,DATA,RBRD,424000,1481410
1758488815.44,1,DATA,SOFT2,423020,3056
1758488815.82,2,DATA,RBRD,424500,1475760
1758488815.94,1,DATA,SOFT2,423520,3057
1758488816.32,2,DATA,RBRD,425000,1470900
1758488816.44,1,DATA,SOFT2,424020,3057
1758488816.82,2,DATA,RBRD,425500,1469830
1758488816.94,1,DATA,SOFT2,424520,3057
1758488817.32,2,DATA,RBRD,426000,1471390
1758488817.44,1,DATA,SOFT2,425020,3057
1758488817.82,2,DATA,RBRD,426500,1473020
1758488817.94,1,DATA,SOFT2,425520,3057
1758488817.95,0,BSYS,427562,INFO,etmark 3496538624
1758488818.36,2,DATA,RBRD,427000,1475100
1758488818.49,1,DATA,SOFT2,426020,3057
1758488818.87,2,DATA,RBRD,427500,1476980
1758488818.99,1,DATA,SOFT2,426520,3057
1758488819.37,2,DATA,RBRD,428000,1477510
1758488819.49,1,DATA,SOFT2,427020,3057
1758488819.87,2,DATA,RBRD,428500,1477970
1758488819.99,1,DATA,SOFT2,427520,3057
1758488820.37,2,DATA,RBRD,429000,1478440
1758488820.49,1,DATA,SOFT2,428020,3057
1758488820.87,2,DATA,RBRD,429500,1481390
1758488820.99,1,DATA,SOFT2,428520,3057
1758488821.37,2,DATA,RBRD,430000,1488660
1758488821.49,1,DATA,SOFT2,429020,3057
1758488821.87,2,DATA,RBRD,430500,1495130
1758488821.99,1,DATA,SOFT2,429520,3056
1758488822.38,2,DATA,RBRD,431000,1497500
1758488822.50,1,DATA,SOFT2,430020,3056
1758488822.88,2,DATA,RBRD,431500,1497510
1758488823.00,1,DATA,SOFT2,430520,3057
1758488823.38,2,DATA,RBRD,432000,1496720
1758488823.50,1,DATA,SOFT2,431020,3057
1758488823.88,2,DATA,RBRD,432500,1493680
1758488824.00,1,DATA,SOFT2,431520,3057
1758488824.38,2,DATA,RBRD,433000,1487210
1758488824.50,1,DATA,SOFT2,432020,3057
1758488824.88,2,DATA,RBRD,433500,1479550
1758488825.00,1,DATA,SOFT2,432520,3057
1758488825.38,2,DATA,RBRD,434000,1471030
1758488825.50,1,DATA,SOFT2,433020,3057
1758488825.88,2,DATA,RBRD,434500,1463060
1758488826.00,1,DATA,SOFT2,433520,3057
1758488826.39,2,DATA,RBRD,435000,1460030
1758488826.50,1,DATA,SOFT2,434020,3057
1758488826.89,2,DATA,RBRD,435500,1463230
1758488827.00,1,DATA,SOFT2,434520,3057
1758488827.39,2,DATA,RBRD,436000,1469420
1758488827.51,1,DATA,SOFT2,435020,3057
1758488827.89,2,DATA,RBRD,436500,1476950
1758488828.01,1,DATA,SOFT2,435520,3057
1758488828.05,0,BSYS,437585,INFO,etmark 3496541184
1758488828.34,2,DATA,RBRD,437000,1484610
1758488828.46,1,DATA,SOFT2,436020,3057
1758488828.84,2,DATA,RBRD,437500,1488410
1758488828.96,1,DATA,SOFT2,436520,3057
1758488829.34,2,DATA,RBRD,438000,1487190
1758488829.46,1,DATA,SOFT2,437020,3057
1758488829.84,2,DATA,RBRD,438500,1484910
1758488829.96,1,DATA,SOFT2,437520,3057
1758488830.34,2,DATA,RBRD,439000,1483720
1758488830.46,1,DATA,SOFT2,438020,3057
1758488830.84,2,DATA,RBRD,439500,1483460
1758488830.95,1,DATA,SOFT2,438520,3057
1758488831.34,2,DATA,RBRD,440000,1484280
1758488831.45,1,DATA,SOFT2,439020,3057
1758488831.84,2,DATA,RBRD,440500,1485860
1758488831.95,1,DATA,SOFT2,439520,3057
1758488832.33,2,DATA,RBRD,441000,1485750
1758488832.45,1,DATA,SOFT2,440020,3057
1758488832.83,2,DATA,RBRD,441500,1482150
1758488832.95,1,DATA,SOFT2,440520,3057
1758488833.33,2,DATA,RBRD,442000,1475740
1758488833.45,1,DATA,SOFT2,441020,3057
1758488833.83,2,DATA,RBRD,442500,1467920
1758488833.95,1,DATA,SOFT2,441520,3057
1758488834.33,2,DATA,RBRD,443000,1461110
1758488834.45,1,DATA,SOFT2,442020,3057
1758488834.83,2,DATA,RBRD,443500,1458180
1758488834.95,1,DATA,SOFT2,442520,3057
1758488835.33,2,DATA,RBRD,444000,1461670
1758488835.44,1,DATA,SOFT2,443020,3056
1758488835.83,2,DATA,RBRD,444500,1474990
1758488835.94,1,DATA,SOFT2,443520,3057
1758488836.32,2,DATA,RBRD,445000,1494550
1758488836.44,1,DATA,SOFT2,444020,3057
1758488836.82,2,DATA,RBRD,445500,1511750
1758488836.94,1,DATA,SOFT2,444520,3057
1758488837.32,2,DATA,RBRD,446000,1519790
1758488837.44,1,DATA,SOFT2,445020,3057
1758488837.82,2,DATA,RBRD,446500,1515600
1758488837.94,1,DATA,SOFT2,445520,3057
1758488837.95,0,BSYS,447560,INFO,etmark 3496543744
1758488838.37,2,DATA,RBRD,447000,1502040
1758488838.49,1,DATA,SOFT2,446020,3057
1758488838.87,2,DATA,RBRD,447500,1491430
1758488838.99,1,DATA,SOFT2,446520,3057
1758488839.37,2,DATA,RBRD,448000,1490190
1758488839.49,1,DATA,SOFT2,447020,3057
1758488839.87,2,DATA,RBRD,448500,1489570
1758488839.99,1,DATA,SOFT2,447520,3057
1758488840.37,2,DATA,RBRD,449000,1485820
1758488840.49,1,DATA,SOFT2,448020,3057
1758488840.88,2,DATA,RBRD,449500,1478060
1758488840.99,1,DATA,SOFT2,448520,3057
1758488841.38,2,DATA,RBRD,450000,1466600
1758488841.49,1,DATA,SOFT2,449020,3057
1758488841.88,2,DATA,RBRD,450500,1457120
1758488841.99,1,DATA,SOFT2,449520,3057
1758488842.38,2,DATA,RBRD,451000,1451890
1758488842.50,1,DATA,SOFT2,450020,3056
1758488842.88,2,DATA,RBRD,451500,1451100
1758488843.00,1,DATA,SOFT2,450520,3057
1758488843.38,2,DATA,RBRD,452000,1454990
1758488843.50,1,DATA,SOFT2,451020,3057
1758488843.88,2,DATA,RBRD,452500,1462810
1758488844.00,1,DATA,SOFT2,451520,3057
1758488844.39,2,DATA,RBRD,453000,1473620
1758488844.50,1,DATA,SOFT2,452020,3057
1758488844.89,2,DATA,RBRD,453500,1485980
1758488845.00,1,DATA,SOFT2,452520,3057
1758488845.39,2,DATA,RBRD,454000,1499530
1758488845.50,1,DATA,SOFT2,453020,3057
1758488845.89,2,DATA,RBRD,454500,1510890
1758488846.00,1,DATA,SOFT2,453520,3057
1758488846.39,2,DATA,RBRD,455000,1518800
1758488846.50,1,DATA,SOFT2,454020,3057
17