GPS_Epoch_Time(s),dmx(mm),dmy(mm),dmz(mm),dmn(mm)
1758488491.00,0,0,0,0
1758488491.40,-323,738,-291,383
1758488491.80,-119,387,-191,41
1758488492.20,-85,258,-164,-105
1758488492.60,-68,-18,-119,-36
1758488493.00,-85,55,-44,-27
1758488493.40,-272,-221,23,357
1758488493.80,-272,-147,211,753
1758488494.20,102,-295,214,1062
1758488494.60,-34,-36,104,-514
1758488495.00,698,-332,235,-1041
1758488495.40,187,-110,83,111
1758488495.80,391,424,-93,-722
1758488496.20,-119,276,-252,-708
1758488496.60,-323,55,-260,-4
1758488497.00,-255,36,-138,-81
1758488497.40,-289,-221,-47,-72
1758488497.80,-510,-535,-81,-69
1758488498.20,-289,-479,-31,106
1758488498.60,800,-18,174,772
1758488499.00,391,-387,377,109
1758488499.40,1004,-793,55,-10
1758488499.80,851,-1772,-131,984
1758488500.20,1004,-1513,105,33
1758488500.60,1106,-1329,28,119
1758488501.00,-306,203,14,-317
1758488501.40,102,424,-244,-665
1758488501.80,-272,849,-264,-477
1758488502.20,-391,1089,-100,-37
1758488502.60,-834,1052,4,-13
1758488503.00,-562,830,-31,399
1758488503.40,-187,793,-60,48
1758488503.80,-510,886,83,-2
1758488504.20,-272,461,150,-362
1758488504.60,-119,18,70,379
1758488505.00,34,-129,70,162
1758488505.40,34,55,-12,91
1758488505.80,34,129,-197,-128
1758488506.20,-17,258,-201,113
1758488506.60,-85,55,-25,-105
1758488507.00,-119,-73,90,142
1758488507.40,17,0,105,172
1758488507.80,34,0,60,223
1758488508.20,-102,-92,20,223
1758488508.60,-238,-239,67,291
1758488509.00,-187,-221,51,201
1758488509.40,-153,-36,26,211
1758488509.80,-119,36,23,146
1758488510.20,0,-36,83,173
1758488510.60,85,-166,148,229
1758488511.00,51,-110,123,128
1758488511.40,85,92,-105,-196
1758488511.80,85,424,-323,-333
1758488512.20,17,369,-270,-200
1758488512.60,85,92,-153,-171
1758488513.00,476,-646,-197,-171
1758488513.40,-51,553,-136,95
1758488513.80,17,-276,34,284
1758488514.20,-68,-36,111,-13
1758488514.60,-306,-147,16,-19
1758488515.00,-340,0,-43,114
1758488515.40,-187,110,-89,-322
1758488515.80,-17,258,-141,-293
1758488516.20,-119,166,85,-16
1758488516.60,-34,0,183,131
1758488517.00,-34,-55,270,499
1758488517.40,119,-36,352,269
1758488517.80,187,-129,280,316
1758488518.20,0,-73,176,173
1758488518.60,-51,-18,70,170
1758488519.00,85,110,-87,-186
1758488519.40,-17,18,-167,-46
1758488519.80,-17,147,-151,-139
1758488520.20,170,92,-38,-90
1758488520.60,238,73,11,-34
1758488521.00,170,166,-91,-178
1758488521.40,-17,221,-230,-274
1758488521.80,-289,55,-236,-208
1758488522.20,-374,-55,-98,-48
1758488522.60,-187,-73,39,58
1758488523.00,-68,-92,136,139
1758488523.40,0,-73,156,121
1758488523.80,68,-55,144,58
1758488524.20,51,-18,82,118
1758488524.60,51,-55,112,253
1758488525.00,170,-55,194,374
1758488525.40,238,-239,244,214
1758488525.80,306,-387,255,226
1758488526.20,408,-369,184,-72
1758488526.60,527,-221,17,-138
1758488527.00,408,92,-156,-240
1758488527.40,51,147,-235,-190
1758488527.80,-238,110,-144,-159
1758488528.20,-476,110,-156,-80
1758488528.60,-510,129,-111,-211
1758488529.00,-476,295,-239,-293
1758488529.40,-374,276,-291,-379
1758488529.80,-255,166,-281,-211
1758488530.20,-204,110,-175,-204
1758488530.60,-119,-369,-262,-319
1758488531.00,102,-867,-349,-440
1758488531.40,-34,147,-366,-187
1758488531.80,272,867,-96,739
1758488532.20,119,221,241,236
1758488532.60,255,-369,226,361
1758488533.00,289,-479,358,574
1758488533.40,476,-461,149,253
1758488533.80,357,-590,-31,34
1758488534.20,221,-406,-54,-118
1758488534.60,596,92,-179,-17
1758488535.00,85,258,57,46
1758488535.40,34,295,46,72
1758488535.80,0,239,-88,-156
1758488536.20,-204,147,-208,-121
1758488536.60,-323,258,-143,-90
1758488537.00,-323,369,-115,-46
1758488537.40,-221,332,-58,-74
1758488537.80,-153,369,-15,-13
1758488538.20,-153,350,-75,-170
1758488538.60,-102,313,-219,-301
1758488539.00,119,0,-194,-229
1758488539.40,272,239,-232,-245
1758488539.80,340,775,-229,-236
1758488540.20,51,-147,-180,37
1758488540.60,17,-147,-82,-71
1758488541.00,153,-36,-90,-52
1758488541.40,85,-18,2,448
1758488541.80,-34,-92,123,-24
1758488542.20,-476,-110,56,256
1758488542.60,-68,-535,192,469
1758488543.00,68,-701,390,661
1758488543.40,-153,-590,335,160
1758488543.80,306,-978,203,426
1758488544.20,391,-350,23,38
1758488544.60,527,-110,-145,-358
1758488545.00,170,184,-278,-409
1758488545.40,-136,590,-256,-145
1758488545.80,-408,498,-46,60
1758488546.20,-374,239,59,75
1758488546.60,-306,73,43,24
1758488547.00,-289,-166,-75,-118
1758488547.40,-187,73,-214,-215
1758488547.80,-136,276,-207,-249
1758488548.20,-85,332,-282,-291
1758488548.60,-68,203,-228,-208
1758488549.00,34,-36,-203,-242
1758488549.40,-17,-55,-293,-292
1758488549.80,-102,0,-298,-316
1758488550.20,-255,129,-309,-303
1758488550.60,-221,221,-300,-285
1758488551.00,-238,276,-292,-284
1758488551.40,-306,239,-285,-249
1758488551.80,834,-1421,21,2611
1758488552.20,613,-646,686,1008
1758488552.60,766,-1845,653,1515
1758488553.00,1158,-1421,391,-55
1758488553.40,1379,-1938,-385,-94
1758488553.80,1873,-2897,48,652
1758488554.20,1089,-830,323,55
1758488554.60,970,-701,37,-85
1758488555.00,323,-203,-183,-850
1758488555.40,255,461,-539,-823
1758488555.80,-715,886,-353,-349
1758488556.20,-749,1292,-271,-423
1758488556.60,-102,313,-148,269
1758488557.00,-442,941,-36,-48
1758488557.40,17,1033,125,68
1758488557.80,-170,664,192,421
1758488558.20,-136,166,143,184
1758488558.60,34,498,40,12
1758488559.00,51,609,-124,-261
1758488559.40,-136,535,-186,-232
1758488559.80,-119,701,-180,-229
1758488560.20,-136,664,-177,-173
1758488560.60,-238,535,-22,91
1758488561.00,-187,424,178,207
1758488561.40,-85,203,271,279
1758488561.80,34,129,197,123
1758488562.20,17,110,47,59
1758488562.60,17,55,-14,31
1758488563.00,-17,0,26,55
1758488563.40,-34,36,12,-1
1758488563.80,-34,55,-22,-8
1758488564.20,17,129,-57,-85
1758488564.60,-34,239,-129,-145
1758488565.00,-204,332,-166,-150
1758488565.40,-187,387,-151,-141
1758488565.80,-102,461,-96,-77
1758488566.20,-119,461,-16,10
1758488566.60,-289,369,26,31
1758488567.00,-323,184,40,48
1758488567.40,-323,36,0,-23
1758488567.80,-357,-73,-96,-128
1758488568.20,-289,73,-122,-156
1758488568.60,-221,55,-97,-175
1758488569.00,-136,18,-78,-27
1758488569.40,-153,-18,44,77
1758488569.80,-119,18,17,-19
1758488570.20,-204,-55,-18,46
1758488570.60,-85,-166,73,121
1758488571.00,34,-110,219,291
1758488571.40,187,-221,199,106
1758488571.80,34,-92,35,45
1758488572.20,-85,-110,2,-72
1758488572.60,-221,0,-26,-12
1758488573.00,-391,-110,57,-87
1758488573.40,-476,0,2,-45
1758488573.80,-306,18,52,67
1758488574.20,51,36,159,223
1758488574.60,272,-36,260,215
1758488575.00,442,-147,225,286
1758488575.40,442,-221,75,18
1758488575.80,391,-166,-49,-93
1758488576.20,255,-92,-60,-110
1758488576.60,51,-73,-145,-308
1758488577.00,-204,0,-304,-215
1758488577.40,-374,110,-144,-161
1758488577.80,-408,276,-151,-252
1758488578.20,-425,590,-268,-250
1758488578.60,-204,406,-253,-256
1758488579.00,17,350,-240,-197
1758488579.40,238,443,-180,-103
1758488579.80,374,387,-111,16
1758488580.20,-153,-867,104,1031
1758488580.60,-51,-719,484,666
1758488581.00,-17,-830,426,595
1758488581.40,391,-793,212,116
1758488581.80,204,-516,45,165
1758488582.20,-170,-424,1,-141
1758488582.60,170,-295,-324,-515
1758488583.00,-119,110,-445,-465
1758488583.40,-34,184,-259,-116
1758488583.80,-170,239,-258,-217
1758488584.20,-170,443,-83,-65
1758488584.60,-204,443,5,-177
1758488585.00,-255,590,-109,-112
1758488585.40,-272,479,-21,-159
1758488585.80,-170,166,26,67
1758488586.20,-187,-18,140,194
1758488586.60,-68,-147,228,248
1758488587.00,102,-203,254,254
1758488587.40,238,18,180,270
1758488587.80,306,-18,84,102
1758488588.20,255,147,-71,-206
1758488588.60,170,239,-218,-251
1758488589.00,-85,73,-197,-184
1758488589.40,-187,-110,-85,-62
1758488589.80,-204,-258,54,227
1758488590.20,-238,-295,156,201
1758488590.60,-170,-369,58,31
1758488591.00,-68,-239,16,93
1758488591.40,-102,-110,46,-24
1758488591.80,-136,92,-127,-150
1758488592.20,-136,276,-173,-172
1758488592.60,-17,92,-48,-3
1758488593.00,119,-36,187,163
1758488593.40,85,-73,236,224
1758488593.80,102,-73,156,47
1758488594.20,187,-55,41,29
1758488594.60,153,-55,76,79
1758488595.00,204,-18,19,-173
1758488595.40,187,55,-190,-140
1758488595.80,119,129,-132,-193
1758488596.20,0,147,-198,-201
1758488596.60,-170,147,-225,-247
1758488597.00,-255,110,-232,-248
1758488597.40,-306,-36,-158,-114
1758488597.80,-153,-55,1,-62
1758488598.20,0,-166,42,16
1758488598.60,85,18,-8,27
1758488599.00,-119,-203,53,104
1758488599.40,-51,-443,202,708
1758488599.80,34,-516,359,236
1758488600.20,255,-443,116,27
1758488600.60,323,-203,-58,-305
1758488601.00,153,0,-243,-383
1758488601.40,85,166,-280,-209
1758488601.80,-102,313,-152,-78
1758488602.20,-221,332,-66,-143
1758488602.60,-170,350,-144,-180
1758488603.00,-102,221,-5,-104
1758488603.40,-119,55,-51,-86
1758488603.80,-119,55,-28,116
1758488604.20,-68,36,-9,-42
1758488604.60,68,0,2,-19
1758488605.00,34,-166,8,23
1758488605.40,-102,-203,-65,-17
1758488605.80,-221,-18,-104,-65
1758488606.20,-306,166,-149,-92
1758488606.60,-102,129,5,15
1758488607.00,-34,0,123,-31
1758488607.40,102,-221,230,225
1758488607.80,170,-239,362,327
1758488608.20,238,-313,271,138
1758488608.60,221,-387,15,71
1758488609.00,153,-332,-25,-93
1758488609.40,34,-55,-155,-186
1758488609.80,-102,129,-244,-211
1758488610.20,-119,239,-268,-160
1758488610.60,-238,406,-149,-18
1758488611.00,-153,369,-36,-22
1758488611.40,-17,73,-19,103
1758488611.80,17,-18,155,192
1758488612.20,51,-55,144,127
1758488612.60,51,-147,66,11
1758488613.00,-51,-36,-15,-10
1758488613.40,-34,-36,-32,-20
1758488613.80,17,18,-48,44
1758488614.20,0,36,35,-58
1758488614.60,153,110,-3,66
1758488615.00,272,0,72,88
1758488615.40,255,92,25,48
1758488615.80,153,73,8,-37
1758488616.20,34,110,-34,-35
1758488616.60,-34,73,-65,-131
1758488617.00,-119,-92,-18,125
1758488617.40,-68,-295,217,255
1758488617.80,17,-184,215,166
1758488618.20,51,-55,105,99
1758488618.60,34,18,-81,-193
1758488619.00,-51,129,-295,-322
1758488619.40,-170,369,-295,-246
1758488619.80,51,461,-264,-384
1758488620.20,-102,55,-461,-473
1758488620.60,-340,-369,-480,-556
1758488621.00,-681,36,-528,-541
1758488621.40,476,1255,-397,111
1758488621.80,136,-406,-11,372
1758488622.20,562,-996,318,1312
1758488622.60,238,-738,507,433
1758488623.00,562,-664,16,-430
1758488623.40,323,-516,-397,-125
1758488623.80,527,369,-134,-360
1758488624.20,17,295,-292,-90
1758488624.60,-85,92,-104,52
1758488625.00,153,129,-67,102
1758488625.40,-306,-129,-55,-109
1758488625.80,-323,0,-150,-86
1758488626.20,-374,313,-191,-108
1758488626.60,-374,498,-134,-150
1758488627.00,-272,369,-165,-142
1758488627.40,34,239,-219,-206
1758488627.80,493,221,-235,-257
1758488628.20,-170,129,-134,304
1758488628.60,255,-572,339,1247
1758488629.00,187,-572,607,634
1758488629.40,119,-756,365,239
1758488629.80,289,-812,141,-52
1758488630.20,-85,-239,-302,-456
1758488630.60,-272,295,-445,-496
1758488631.00,-153,332,-300,-46
1758488631.40,-221,535,-86,-128
1758488631.80,-255,535,-67,114
1758488632.20,-340,332,116,281
1758488632.60,-85,55,254,458
1758488633.00,68,-129,225,263
1758488633.40,0,-258,78,75
1758488633.80,34,-221,8,64
1758488634.20,-17,-147,-96,-215
1758488634.60,-85,147,-293,-236
1758488635.00,-136,369,-122,-221
1758488635.40,17,239,-95,-46
1758488635.80,0,129,41,21
1758488636.20,-119,-36,37,121
1758488636.60,-204,-92,86,151
1758488637.00,-204,-110,79,93
1758488637.40,-136,-73,42,25
1758488637.80,-102,18,-31,-45
1758488638.20,-136,0,-51,-17
1758488638.60,-136,-110,-28,-49
1758488639.00,-102,18,-63,-29
1758488639.40,-51,18,6,62
1758488639.80,102,36,33,-73
1758488640.20,153,-55,-47,-51
1758488640.60,102,-110,-5,180
1758488641.00,136,-92,149,149
1758488641.40,68,55,62,55
1758488641.80,153,36,15,60
1758488642.20,17,-110,-29,-56
1758488642.60,-221,55,-240,-350
1758488643.00,-340,406,-482,-477
1758488643.40,-255,369,-448,-446
1758488643.80,-153,166,-438,-430
1758488644.20,0,-110,-434,-429
1758488644.60,-544,479,-373,-135
1758488645.00,170,-535,-127,386
1758488645.40,323,-590,221,1120
1758488645.80,425,-553,392,325
1758488646.20,391,-516,192,235
1758488646.60,323,-73,103,-109
1758488647.00,221,203,-217,-260
1758488647.40,-187,443,-260,-320
1758488647.80,-357,443,-160,-80
1758488648.20,-374,461,14,108
1758488648.60,-374,276,51,-131
1758488649.00,-221,36,-37,-13
1758488649.40,-170,221,-55,-77
1758488649.80,17,-92,-157,-159
1758488650.20,17,-36,-177,-158
1758488650.60,-17,73,-142,-126
1758488651.00,51,-92,-104,8
1758488651.40,-170,-129,-57,10
1758488651.80,-119,-92,13,147
1758488652.20,34,0,84,48
1758488652.60,17,-73,81,56
1758488653.00,17,-239,214,162
1758488653.40,102,-147,232,476
1758488653.80,187,295,86,-125
1758488654.20,221,203,-75,-34
1758488654.60,272,73,42,111
1758488655.00,102,-92,42,48
1758488655.40,-17,-110,-5,93
1758488655.80,17,18,-14,16
1758488656.20,-34,-36,-12,109
1758488656.60,136,-73,85,149
1758488657.00,-17,-55,52,0
1758488657.40,-204,-36,-96,-101
1758488657.80,-289,92,-250,-318
1758488658.20,-136,36,-241,-246
1758488658.60,-306,-18,-161,-225
1758488659.00,-255,-36,-192,-159
1758488659.40,34,-295,-127,-108
1758488659.80,221,0,-55,142
1758488660.20,85,-55,87,123
1758488660.60,357,-756,242,1123
1758488661.00,340,-369,474,349
1758488661.40,323,-498,75,229
1758488661.80,323,-166,-113,-135
1758488662.20,187,221,-166,-173
1758488662.60,0,406,-164,-55
1758488663.00,-238,627,-140,-152
1758488663.40,-187,424,-259,-323
1758488663.80,-51,55,-210,-95
1758488664.20,-221,129,-35,-49
1758488664.60,-119,110,11,-45
1758488665.00,0,-18,141,190
1758488665.40,0,-184,310,357
1758488665.80,68,-166,302,225
1758488666.20,68,-276,114,140
1758488666.60,0,-92,26,53
1758488667.00,68,129,-82,-37
1758488667.40,187,73,16,59
1758488667.80,238,55,81,156
1758488668.20,85,73,54,12
1758488668.60,-68,55,-105,-168
1758488669.00,-85,129,-222,-216
1758488669.40,-170,110,-171,-197
1758488669.80,-255,55,-156,-160
1758488670.20,-187,73,-230,-261
1758488670.60,-119,18,-260,-236
1758488671.00,-204,18,-185,-160
1758488671.40,-238,184,-182,-184
1758488671.80,-170,350,-187,-194
1758488672.20,-476,92,-180,-174
1758488672.60,-136,-92,-68,436
1758488673.00,85,-110,151,209
1758488673.40,306,-276,204,425
1758488673.80,562,-18,282,312
1758488674.20,255,-350,259,234
1758488674.60,153,-258,61,247
1758488675.00,85,55,87,61
1758488675.40,51,184,-11,-156
1758488675.80,51,258,-186,-232
1758488676.20,-17,147,-172,-144
1758488676.60,-34,18,-82,-24
1758488677.00,-17,55,-54,13
1758488677.40,-85,18,-30,-139
1758488677.80,-289,147,-255,-329
1758488678.20,-238,147,-248,-246
1758488678.60,-187,-73,-171,-197
1758488679.00,-102,18,-208,-184
1758488679.40,-170,147,-181,-152
1758488679.80,-85,-73,-85,298
1758488680.20,-119,-221,92,95
1758488680.60,-85,-18,83,183
1758488681.00,204,-276,148,-142
1758488681.40,255,-406,154,378
1758488681.80,391,-424,114,268
1758488682.20,357,-387,99,194
1758488682.60,357,-609,-7,263
1758488683.00,374,-295,-163,-267
1758488683.40,-85,-92,-288,-373
1758488683.80,-255,203,-226,-94
1758488684.20,-136,553,-40,-114
1758488684.60,-238,553,-73,-168
1758488685.00,-374,590,-164,-133
1758488685.40,-221,258,-160,-215
1758488685.80,-187,184,-211,-197
1758488686.20,-493,461,-220,-300
1758488686.60,-272,572,-318,-491
1758488687.00,136,0,-336,-192
1758488687.40,-17,-775,-11,842
1758488687.80,459,-461,351,226
1758488688.20,374,-553,135,288
1758488688.60,408,-849,113,468
1758488689.00,17,-313,20,-1
1758488689.40,-51,-350,-239,-248
1758488689.80,-170,221,-496,-281
1758488690.20,-204,572,-230,-218
1758488690.60,-119,646,-221,-284
1758488691.00,-136,609,-124,-56
1758488691.40,-17,166,17,45
1758488691.80,51,239,39,62
1758488692.20,119,147,9,-45
1758488692.60,119,55,85,49
1758488693.00,85,-73,-4,61
1758488693.40,34,-18,-15,55
1758488693.80,0,-18,14,30
1758488694.20,-51,36,-39,-37
1758488694.60,-17,36,4,-7
1758488695.00,187,276,-50,-168
1758488695.40,527,276,-328,-295
1758488695.80,-187,-18,-136,270
1758488696.20,187,-295,322,453
1758488696.60,323,-682,435,406
1758488697.00,425,-775,280,332
1758488697.40,204,-627,129,-59
1758488697.80,17,-239,-276,-429
1758488698.20,-34,203,-476,-611
1758488698.60,-119,276,-426,-451
1758488699.00,-306,295,-278,-89
1758488699.40,-357,572,-122,-191
1758488699.80,-357,572,-70,42
1758488700.20,-289,332,100,-8
1758488700.60,-255,73,84,105
1758488701.00,-68,36,51,-2
1758488701.40,102,-73,34,77
1758488701.80,17,0,106,125
1758488702.20,-51,313,41,-328
1758488702.60,-85,-36,-182,-203
1758488703.00,-102,-36,-134,-86
1758488703.40,153,-73,-57,-135
1758488703.80,255,-295,-4,-28
1758488704.20,17,-73,114,428
1758488704.60,272,-498,380,846
1758488705.00,459,-664,485,818
1758488705.40,579,-1052,359,-24
1758488705.80,442,-812,-153,-210
1758488706.20,238,-350,-281,-264
1758488706.60,0,18,-323,-381
1758488707.00,-170,516,-363,-360
1758488707.40,-136,553,-244,-85
1758488707.80,-153,369,-66,53
1758488708.20,-306,295,7,172
1758488708.60,-374,276,-47,-103
1758488709.00,-323,276,-149,-83
1758488709.40,-289,350,-102,-90
1758488709.80,-272,461,-22,14
1758488710.20,-102,184,-59,-34
1758488710.60,-85,110,-12,-10
1758488711.00,-187,184,0,23
1758488711.40,-306,590,49,150
1758488711.80,-357,221,106,96
1758488712.20,-85,184,52,-168
1758488712.60,221,-147,6,145
1758488713.00,187,129,103,3
1758488713.40,442,-369,108,365
1758488713.80,493,-535,83,321
1758488714.20,85,-719,135,273
1758488714.60,340,-443,-56,-55
1758488715.00,306,0,-310,-237
1758488715.40,68,239,-283,-145
1758488715.80,-102,313,-31,12
1758488716.20,51,129,71,53
1758488716.60,68,-184,155,221
1758488717.00,0,-18,53,82
1758488717.40,0,92,-62,-162
1758488717.80,-34,313,-173,-291
1758488718.20,272,867,-219,-250
1758488718.60,255,701,-317,-326
1758488719.00,-204,184,-251,-50
1758488719.40,-136,73,-117,-149
1758488719.80,-51,-387,8,782
1758488720.20,-85,-535,354,109
1758488720.60,0,-756,179,172
1758488721.00,34,-719,-53,76
1758488721.40,357,-184,-136,-134
1758488721.80,34,258,-141,-128
1758488722.20,-204,295,-107,-81
1758488722.60,-187,221,-38,-50
1758488723.00,136,-147,31,159
1758488723.40,136,-73,196,280
1758488723.80,17,-166,129,125
1758488724.20,-85,-36,-59,-184
1758488724.60,-289,147,-205,-482
1758488725.00,-170,203,-393,-415
1758488725.40,-85,406,-248,-288
1758488725.80,-204,793,-304,-317
1758488726.20,-136,775,-324,-376
1758488726.60,68,184,-326,-195
1758488727.00,0,-184,-192,173
1758488727.40,-255,-203,-8,139
1758488727.80,-221,-203,115,221
1758488728.20,-119,-941,247,395
1758488728.60,340,-738,238,281
1758488729.00,493,-184,61,-222
1758488729.40,136,295,-224,-100
1758488729.80,119,498,-254,-454
1758488730.20,-153,18,-234,11
1758488730.60,-34,-221,200,298
1758488731.00,-51,-479,254,322
1758488731.40,68,-535,196,342
1758488731.80,85,-590,71,70
1758488732.20,-34,-295,-123,-170
1758488732.60,-187,36,-342,-335
1758488733.00,-272,313,-334,-232
1758488733.40,-221,498,-242,-123
1758488733.80,0,424,-153,-109
1758488734.20,51,369,-70,-84
1758488734.60,0,406,-93,-83
1758488735.00,0,443,-83,-69
1758488735.40,-102,498,-68,-26
1758488735.80,-51,-166,-15,181
1758488736.20,-68,-498,85,182
1758488736.60,-306,-406,88,368
1758488737.00,-102,-406,-20,281
1758488737.40,-51,-184,-95,86
1758488737.80,-204,55,-285,-409
1758488738.20,-170,682,-328,-277
1758488738.60,119,239,-86,-80
1758488739.00,-51,147,-5,41
1758488739.40,-51,55,-35,-17
1758488739.80,0,-166,32,243
1758488740.20,-68,-110,211,469
1758488740.60,204,-387,276,349
1758488741.00,153,-738,255,159
1758488741.40,68,-719,230,323
1758488741.80,442,-369,216,166
1758488742.20,493,-110,50,34
1758488742.60,374,276,-184,-152
1758488743.00,-17,406,-219,-296
1758488743.40,-187,609,-176,-346
1758488743.80,-102,276,-213,-136
1758488744.20,68,184,-30,-83
1758488744.60,408,350,-107,-128
1758488745.00,596,461,-129,-187
1758488745.40,664,498,-167,-233
1758488745.80,630,461,-189,-184
1758488746.20,-68,166,-190,-225
1758488746.60,-102,-443,-143,321
1758488747.00,-238,-701,61,425
1758488747.40,-272,-553,193,27
1758488747.80,-425,-682,218,602
1758488748.20,-510,-756,232,361
1758488748.60,-340,-369,162,214
1758488749.00,630,-36,167,52
1758488749.40,936,-92,59,-163
1758488749.80,527,55,-130,-326
1758488750.20,-85,-239,-134,-201
1758488750.60,-425,-147,-150,-211
1758488751.00,-408,129,-102,72
1758488751.40,34,129,92,162
1758488751.80,-34,166,88,159
1758488752.20,136,387,-90,-28
1758488752.60,136,609,-157,-124
1758488753.00,17,498,-250,-336
1758488753.40,-34,239,-260,-239
1758488753.80,-68,-18,-177,-196
1758488754.20,-289,-203,-199,-187
1758488754.60,-510,-239,-162,-65
1758488755.00,-357,-147,-108,-160
1758488755.40,-272,-184,-152,-196
1758488755.80,-102,-166,-85,451
1758488756.20,-119,239,57,-184
1758488756.60,-68,295,-36,52
1758488757.00,17,-221,60,350
1758488757.40,-51,-36,136,38
1758488757.80,-221,-110,103,98
1758488758.20,85,-36,-48,60
1758488758.60,204,36,-33,218
1758488759.00,34,-221,86,4
1758488759.40,-187,147,279,306
1758488759.80,136,-276,471,794
1758488760.20,221,-276,386,395
1758488760.60,136,-166,125,218
1758488761.00,85,55,-107,-236
1758488761.40,-17,55,-312,-284
1758488761.80,-102,443,-298,-471
1758488762.20,85,295,-295,-305
1758488762.60,238,295,-11,-27
1758488763.00,204,203,-26,-6
1758488763.40,34,55,-102,91
1758488763.80,-136,0,-61,18
1758488764.20,-187,-55,-36,-38
1758488764.60,-272,-110,-38,-69
1758488765.00,-238,-129,9,35
1758488765.40,-102,-129,67,6
1758488765.80,-68,-110,-42,-66
1758488766.20,-102,36,-72,-76
1758488766.60,-136,73,-57,-139
1758488767.00,-153,73,-120,-152
1758488767.40,-153,73,-129,-127
1758488767.80,85,92,-122,-121
1758488768.20,170,147,-113,-97
1758488768.60,68,295,-88,-35
1758488769.00,-153,-166,-3,244
1758488769.40,-187,-406,161,157
1758488769.80,-51,-295,214,396
1758488770.20,136,-92,129,364
1758488770.60,408,110,114,196
1758488771.00,340,-73,150,251
1758488771.40,153,-166,-2,-260
1758488771.80,255,73,-221,-274
1758488772.20,-153,239,-268,-263
1758488772.60,-425,92,-257,-243
1758488773.00,-391,147,-189,-337
1758488773.40,-204,-18,-163,-184
1758488773.80,-85,-18,-143,-137
1758488774.20,0,129,-112,-56
1758488774.60,102,92,-43,3
1758488775.00,153,-184,28,252
1758488775.40,153,-184,200,509
1758488775.80,272,-239,304,451
1758488776.20,289,-239,250,260
1758488776.60,68,-239,163,284
1758488777.00,34,-36,55,-83
1758488777.40,34,129,-221,-187
1758488777.80,-102,369,-289,-248
1758488778.20,-17,332,-246,-247
1758488778.60,-102,166,-185,-131
1758488779.00,-85,55,-86,-195
1758488779.40,-102,129,-108,-231
1758488779.80,-204,110,-113,-110
1758488780.20,-136,221,-100,-46
1758488780.60,-68,166,-46,-17
1758488781.00,17,129,-4,181
1758488781.40,119,-166,144,489
1758488781.80,136,-276,334,528
1758488782.20,255,-387,330,304
1758488782.60,68,-590,146,173
1758488783.00,136,-498,136,-38
1758488783.40,136,-110,-71,-128
1758488783.80,170,-92,-220,-181
1758488784.20,-34,295,-198,-246
1758488784.60,-204,258,-220,-281
1758488785.00,-374,239,-250,-176
1758488785.40,-425,18,2,-19
1758488785.80,-289,-203,101,155
1758488786.20,-136,-129,130,73
1758488786.60,51,147,-64,-69
1758488787.00,102,239,-180,-362
1758488787.40,-34,203,-174,-221
1758488787.80,68,55,-13,-45
1758488788.20,68,-55,89,251
1758488788.60,85,-221,107,218
1758488789.00,-102,-110,7,68
1758488789.40,0,55,-57,-163
1758488789.80,51,110,-78,10
1758488790.20,0,92,80,23
1758488790.60,102,0,166,190
1758488791.00,136,-18,163,125
1758488791.40,102,-92,100,135
1758488791.80,51,-36,36,3
1758488792.20,68,-36,-22,-61
1758488792.60,85,92,-101,-134
1758488793.00,0,147,-177,-125
1758488793.40,-102,110,-128,-44
1758488793.80,-153,-36,-80,-48
1758488794.20,-272,-73,-79,-168
1758488794.60,-340,18,-154,-100
1758488795.00,-272,92,-108,-101
1758488795.40,-510,-36,-100,-96
1758488795.80,136,110,-49,136
1758488796.20,51,0,53,-60
1758488796.60,68,18,7,180
1758488797.00,68,55,45,211
1758488797.40,68,36,5,-108
1758488797.80,68,92,-60,-114
1758488798.20,102,-129,6,160
1758488798.60,-17,-295,18,24
1758488799.00,153,-110,-25,-17
1758488799.40,68,73,-111,-41
1758488799.80,136,-55,-16,28
1758488800.20,0,-36,21,0
1758488800.60,-17,-147,57,115
1758488801.00,-102,-166,115,140
1758488801.40,-153,92,15,-57
1758488801.80,-102,129,-76,-59
1758488802.20,-51,55,-91,-159
1758488802.60,-187,-36,-23,-6
1758488803.00,-153,-369,64,76
1758488803.40,102,-184,136,294
1758488803.80,204,-55,205,309
1758488804.20,289,-55,62,-137
1758488804.60,170,0,-248,3
1758488805.00,-34,350,-198,-240
1758488805.40,-153,332,-204,-284
1758488805.80,-153,36,-111,-2
1758488806.20,-85,-55,106,90
1758488806.60,-136,-369,143,180
1758488807.00,-34,-295,82,126
1758488807.40,102,55,-23,-204
1758488807.80,-17,239,-192,-100
1758488808.20,-85,147,-28,-88
1758488808.60,-34,110,10,-20
1758488809.00,17,55,95,90
1758488809.40,34,18,65,-13
1758488809.80,17,0,36,-40
1758488810.20,85,-73,117,180
1758488810.60,136,-73,191,132
1758488811.00,85,92,-33,-145
1758488811.40,17,166,-155,-104
1758488811.80,68,73,-42,-82
1758488812.20,-136,-73,-35,-95
1758